😀,嘿嘿
😁,嘻嘻
😂,笑哭了
😃,哈哈
😄,大笑
😅,苦笑
😆,斜眼笑
😇,微笑天使
😉,眨眼
😊,羞涩微笑
🙂,呵呵
🙃,倒脸
🤣,笑得满地打滚
🫠,融化
☺,微笑
😍,花痴
😗,亲亲
😘,飞吻
😙,微笑亲亲
😚,羞涩亲亲
🤩,好崇拜哦
🥰,喜笑颜开
🥲,含泪的笑脸
😋,好吃
😛,吐舌
😜,单眼吐舌
😝,眯眼吐舌
🤑,发财
🤪,滑稽
🤔,想一想
🤗,抱抱
🤫,安静的脸
🤭,不说
🫡,致敬
🫢,睁眼捂嘴
🫣,偷看
😏,得意
😐,冷漠
😑,无语
😒,不高兴
😬,龇牙咧嘴
😮‍💨,呼气
😶,沉默
😶‍🌫,迷茫
😶‍🌫️,迷茫
🙄,翻白眼
🤐,闭嘴
🤥,说谎
🤨,挑眉
🫥,虚线脸
🫨,摇晃的脸
😌,松了口气
😔,沉思
😪,困
😴,睡着了
🤤,流口水
😵,晕头转向
😵‍💫,晕
😷,感冒
🤒,发烧
🤕,受伤
🤢,恶心
🤧,打喷嚏
🤮,呕吐
🤯,爆炸头
🥴,头昏眼花
🥵,脸发烧
🥶,冷脸
🤠,牛仔帽脸
🥳,聚会笑脸
🥸,伪装的脸
😎,墨镜笑脸
🤓,书呆子脸
🧐,带单片眼镜的脸
☹,沮丧
😓,汗
😕,困扰
😖,困惑
😞,失望
😟,担心
😢,哭
😣,痛苦
😥,失望但如释重负
😦,啊
😧,极度痛苦
😨,害怕
😩,累死了
😫,累
😭,放声大哭
😮,吃惊
😯,缄默
😰,冷汗
😱,吓死了
😲,震惊
😳,脸红
🙁,微微不满
🥱,打呵欠
🥹,忍住泪水
🥺,恳求的脸
🫤,郁闷
☠,骷髅
👿,生气的恶魔
💀,头骨
😈,恶魔微笑
😠,生气
😡,怒火中烧
😤,傲慢
🤬,嘴上有符号的脸
👹,食人魔
👺,小妖精
👻,鬼
👽,外星人
👾,外星怪物
💩,大便
🤖,机器人
🤡,小丑脸
😸,微笑的猫
😹,笑出眼泪的猫
😺,大笑的猫
😻,花痴的猫
😼,奸笑的猫
😽,亲亲猫
😾,生气的猫
😿,哭泣的猫
🙀,疲倦的猫
🙈,非礼勿视
🙉,非礼勿听
🙊,非礼勿言
❣,心叹号
❤,红心
❤‍🔥,火上之心
❤‍🩹,修复受伤的心灵
❤️‍🔥,火上之心
❤️‍🩹,修复受伤的心灵
💌,情书
💓,心跳
💔,心碎
💕,两颗心
💖,闪亮的心
💗,搏动的心
💘,心中箭了
💙,蓝心
💚,绿心
💛,黄心
💜,紫心
💝,系有缎带的心
💞,舞动的心
💟,心型装饰
🖤,黑心
🤍,白心
🤎,棕心
🧡,橙心
🩵,浅蓝色的心
🩶,灰心
🩷,粉红色的心
👁‍🗨,眼睛对话框
👁‍🗨️,讲话泡泡中的眼睛
👁️‍🗨,讲话泡泡中的眼睛
👁️‍🗨️,讲话泡泡中的眼睛
💋,唇印
💢,怒
💤,睡着
💥,爆炸
💦,汗滴
💨,尾气
💫,头晕
💬,话语气泡
💭,内心活动气泡
💯,一百分
🕳,洞
🗨,朝左的话语气泡
🗯,愤怒话语气泡
✋,举起手
✋🏻,举起手: 较浅肤色
✋🏼,举起手: 中等-浅肤色
✋🏽,举起手: 中等肤色
✋🏾,举起手: 中等-深肤色
✋🏿,举起手: 较深肤色
👋,挥手
👋🏻,挥手: 较浅肤色
👋🏼,挥手: 中等-浅肤色
👋🏽,挥手: 中等肤色
👋🏾,挥手: 中等-深肤色
👋🏿,挥手: 较深肤色
🖐,手掌
🖐🏻,手掌: 较浅肤色
🖐🏼,手掌: 中等-浅肤色
🖐🏽,手掌: 中等肤色
🖐🏾,手掌: 中等-深肤色
🖐🏿,手掌: 较深肤色
🖖,瓦肯举手礼
🖖🏻,瓦肯举手礼: 较浅肤色
🖖🏼,瓦肯举手礼: 中等-浅肤色
🖖🏽,瓦肯举手礼: 中等肤色
🖖🏾,瓦肯举手礼: 中等-深肤色
🖖🏿,瓦肯举手礼: 较深肤色
🤚,立起的手背
🤚🏻,立起的手背: 较浅肤色
🤚🏼,立起的手背: 中等-浅肤色
🤚🏽,立起的手背: 中等肤色
🤚🏾,立起的手背: 中等-深肤色
🤚🏿,立起的手背: 较深肤色
🫱,向右的手
🫱🏻,向右的手: 较浅肤色
🫱🏼,向右的手: 中等-浅肤色
🫱🏽,向右的手: 中等肤色
🫱🏾,向右的手: 中等-深肤色
🫱🏿,向右的手: 较深肤色
🫲,向左的手
🫲🏻,向左的手: 较浅肤色
🫲🏼,向左的手: 中等-浅肤色
🫲🏽,向左的手: 中等肤色
🫲🏾,向左的手: 中等-深肤色
🫲🏿,向左的手: 较深肤色
🫳,掌心向下的手
🫳🏻,掌心向下的手: 较浅肤色
🫳🏼,掌心向下的手: 中等-浅肤色
🫳🏽,掌心向下的手: 中等肤色
🫳🏾,掌心向下的手: 中等-深肤色
🫳🏿,掌心向下的手: 较深肤色
🫴,掌心向上的手
🫴🏻,掌心向上的手: 较浅肤色
🫴🏼,掌心向上的手: 中等-浅肤色
🫴🏽,掌心向上的手: 中等肤色
🫴🏾,掌心向上的手: 中等-深肤色
🫴🏿,掌心向上的手: 较深肤色
🫷,向左推
🫷🏻,向左推: 较浅肤色
🫷🏼,向左推: 中等-浅肤色
🫷🏽,向左推: 中等肤色
🫷🏾,向左推: 中等-深肤色
🫷🏿,向左推: 较深肤色
🫸,向右推
🫸🏻,向右推: 较浅肤色
🫸🏼,向右推: 中等-浅肤色
🫸🏽,向右推: 中等肤色
🫸🏾,向右推: 中等-深肤色
🫸🏿,向右推: 较深肤色
✌,胜利手势
✌🏻,胜利手势: 较浅肤色
✌🏼,胜利手势: 中等-浅肤色
✌🏽,胜利手势: 中等肤色
✌🏾,胜利手势: 中等-深肤色
✌🏿,胜利手势: 较深肤色
👌,OK
👌🏻,OK: 较浅肤色
👌🏼,OK: 中等-浅肤色
👌🏽,OK: 中等肤色
👌🏾,OK: 中等-深肤色
👌🏿,OK: 较深肤色
🤌,捏手指
🤌🏻,捏手指: 较浅肤色
🤌🏼,捏手指: 中等-浅肤色
🤌🏽,捏手指: 中等肤色
🤌🏾,捏手指: 中等-深肤色
🤌🏿,捏手指: 较深肤色
🤏,捏合的手势
🤏🏻,捏合的手势: 较浅肤色
🤏🏼,捏合的手势: 中等-浅肤色
🤏🏽,捏合的手势: 中等肤色
🤏🏾,捏合的手势: 中等-深肤色
🤏🏿,捏合的手势: 较深肤色
🤘,摇滚
🤘🏻,摇滚: 较浅肤色
🤘🏼,摇滚: 中等-浅肤色
🤘🏽,摇滚: 中等肤色
🤘🏾,摇滚: 中等-深肤色
🤘🏿,摇滚: 较深肤色
🤙,给我打电话
🤙🏻,给我打电话: 较浅肤色
🤙🏼,给我打电话: 中等-浅肤色
🤙🏽,给我打电话: 中等肤色
🤙🏾,给我打电话: 中等-深肤色
🤙🏿,给我打电话: 较深肤色
🤞,交叉的手指
🤞🏻,交叉的手指: 较浅肤色
🤞🏼,交叉的手指: 中等-浅肤色
🤞🏽,交叉的手指: 中等肤色
🤞🏾,交叉的手指: 中等-深肤色
🤞🏿,交叉的手指: 较深肤色
🤟,爱你的手势
🤟🏻,爱你的手势: 较浅肤色
🤟🏼,爱你的手势: 中等-浅肤色
🤟🏽,爱你的手势: 中等肤色
🤟🏾,爱你的手势: 中等-深肤色
🤟🏿,爱你的手势: 较深肤色
🫰,食指与拇指交叉的手
🫰🏻,食指与拇指交叉的手: 较浅肤色
🫰🏼,食指与拇指交叉的手: 中等-浅肤色
🫰🏽,食指与拇指交叉的手: 中等肤色
🫰🏾,食指与拇指交叉的手: 中等-深肤色
🫰🏿,食指与拇指交叉的手: 较深肤色
☝,食指向上指
☝🏻,食指向上指: 较浅肤色
☝🏼,食指向上指: 中等-浅肤色
☝🏽,食指向上指: 中等肤色
☝🏾,食指向上指: 中等-深肤色
☝🏿,食指向上指: 较深肤色
👆,反手食指向上指
👆🏻,反手食指向上指: 较浅肤色
👆🏼,反手食指向上指: 中等-浅肤色
👆🏽,反手食指向上指: 中等肤色
👆🏾,反手食指向上指: 中等-深肤色
👆🏿,反手食指向上指: 较深肤色
👇,反手食指向下指
👇🏻,反手食指向下指: 较浅肤色
👇🏼,反手食指向下指: 中等-浅肤色
👇🏽,反手食指向下指: 中等肤色
👇🏾,反手食指向下指: 中等-深肤色
👇🏿,反手食指向下指: 较深肤色
👈,反手食指向左指
👈🏻,反手食指向左指: 较浅肤色
👈🏼,反手食指向左指: 中等-浅肤色
👈🏽,反手食指向左指: 中等肤色
👈🏾,反手食指向左指: 中等-深肤色
👈🏿,反手食指向左指: 较深肤色
👉,反手食指向右指
👉🏻,反手食指向右指: 较浅肤色
👉🏼,反手食指向右指: 中等-浅肤色
👉🏽,反手食指向右指: 中等肤色
👉🏾,反手食指向右指: 中等-深肤色
👉🏿,反手食指向右指: 较深肤色
🖕,竖中指
🖕🏻,竖中指: 较浅肤色
🖕🏼,竖中指: 中等-浅肤色
🖕🏽,竖中指: 中等肤色
🖕🏾,竖中指: 中等-深肤色
🖕🏿,竖中指: 较深肤色
🫵,指向观察者的食指
🫵🏻,指向观察者的食指: 较浅肤色
🫵🏼,指向观察者的食指: 中等-浅肤色
🫵🏽,指向观察者的食指: 中等肤色
🫵🏾,指向观察者的食指: 中等-深肤色
🫵🏿,指向观察者的食指: 较深肤色
✊,举起拳头
✊🏻,举起拳头: 较浅肤色
✊🏼,举起拳头: 中等-浅肤色
✊🏽,举起拳头: 中等肤色
✊🏾,举起拳头: 中等-深肤色
✊🏿,举起拳头: 较深肤色
👊,出拳
👊🏻,出拳: 较浅肤色
👊🏼,出拳: 中等-浅肤色
👊🏽,出拳: 中等肤色
👊🏾,出拳: 中等-深肤色
👊🏿,出拳: 较深肤色
👍,拇指向上
👍🏻,拇指向上: 较浅肤色
👍🏼,拇指向上: 中等-浅肤色
👍🏽,拇指向上: 中等肤色
👍🏾,拇指向上: 中等-深肤色
👍🏿,拇指向上: 较深肤色
👎,拇指向下
👎🏻,拇指向下: 较浅肤色
👎🏼,拇指向下: 中等-浅肤色
👎🏽,拇指向下: 中等肤色
👎🏾,拇指向下: 中等-深肤色
👎🏿,拇指向下: 较深肤色
🤛,朝左的拳头
🤛🏻,朝左的拳头: 较浅肤色
🤛🏼,朝左的拳头: 中等-浅肤色
🤛🏽,朝左的拳头: 中等肤色
🤛🏾,朝左的拳头: 中等-深肤色
🤛🏿,朝左的拳头: 较深肤色
🤜,朝右的拳头
🤜🏻,朝右的拳头: 较浅肤色
🤜🏼,朝右的拳头: 中等-浅肤色
🤜🏽,朝右的拳头: 中等肤色
🤜🏾,朝右的拳头: 中等-深肤色
🤜🏿,朝右的拳头: 较深肤色
👏,鼓掌
👏🏻,鼓掌: 较浅肤色
👏🏼,鼓掌: 中等-浅肤色
👏🏽,鼓掌: 中等肤色
👏🏾,鼓掌: 中等-深肤色
👏🏿,鼓掌: 较深肤色
👐,张开双手
👐🏻,张开双手: 较浅肤色
👐🏼,张开双手: 中等-浅肤色
👐🏽,张开双手: 中等肤色
👐🏾,张开双手: 中等-深肤色
👐🏿,张开双手: 较深肤色
🙌,举双手
🙌🏻,举双手: 较浅肤色
🙌🏼,举双手: 中等-浅肤色
🙌🏽,举双手: 中等肤色
🙌🏾,举双手: 中等-深肤色
🙌🏿,举双手: 较深肤色
🙏,双手合十
🙏🏻,双手合十: 较浅肤色
🙏🏼,双手合十: 中等-浅肤色
🙏🏽,双手合十: 中等肤色
🙏🏾,双手合十: 中等-深肤色
🙏🏿,双手合十: 较深肤色
🤝,握手
🤝🏻,握手: 较浅肤色
🤝🏼,握手: 中等-浅肤色
🤝🏽,握手: 中等肤色
🤝🏾,握手: 中等-深肤色
🤝🏿,握手: 较深肤色
🤲,掌心向上托起
🤲🏻,掌心向上托起: 较浅肤色
🤲🏼,掌心向上托起: 中等-浅肤色
🤲🏽,掌心向上托起: 中等肤色
🤲🏾,掌心向上托起: 中等-深肤色
🤲🏿,掌心向上托起: 较深肤色
🫱🏻‍🫲🏼,握手: 较浅肤色中等-浅肤色
🫱🏻‍🫲🏽,握手: 较浅肤色中等肤色
🫱🏻‍🫲🏾,握手: 较浅肤色中等-深肤色
🫱🏻‍🫲🏿,握手: 较浅肤色较深肤色
🫱🏼‍🫲🏻,握手: 中等-浅肤色较浅肤色
🫱🏼‍🫲🏽,握手: 中等-浅肤色中等肤色
🫱🏼‍🫲🏾,握手: 中等-浅肤色中等-深肤色
🫱🏼‍🫲🏿,握手: 中等-浅肤色较深肤色
🫱🏽‍🫲🏻,握手: 中等肤色较浅肤色
🫱🏽‍🫲🏼,握手: 中等肤色中等-浅肤色
🫱🏽‍🫲🏾,握手: 中等肤色中等-深肤色
🫱🏽‍🫲🏿,握手: 中等肤色较深肤色
🫱🏾‍🫲🏻,握手: 中等-深肤色较浅肤色
🫱🏾‍🫲🏼,握手: 中等-深肤色中等-浅肤色
🫱🏾‍🫲🏽,握手: 中等-深肤色中等肤色
🫱🏾‍🫲🏿,握手: 中等-深肤色较深肤色
🫱🏿‍🫲🏻,握手: 较深肤色较浅肤色
🫱🏿‍🫲🏼,握手: 较深肤色中等-浅肤色
🫱🏿‍🫲🏽,握手: 较深肤色中等肤色
🫱🏿‍🫲🏾,握手: 较深肤色中等-深肤色
🫶,做成心形的双手
🫶🏻,做成心形的双手: 较浅肤色
🫶🏼,做成心形的双手: 中等-浅肤色
🫶🏽,做成心形的双手: 中等肤色
🫶🏾,做成心形的双手: 中等-深肤色
🫶🏿,做成心形的双手: 较深肤色
✍,写字
✍🏻,写字: 较浅肤色
✍🏼,写字: 中等-浅肤色
✍🏽,写字: 中等肤色
✍🏾,写字: 中等-深肤色
✍🏿,写字: 较深肤色
💅,涂指甲油
💅🏻,涂指甲油: 较浅肤色
💅🏼,涂指甲油: 中等-浅肤色
💅🏽,涂指甲油: 中等肤色
💅🏾,涂指甲油: 中等-深肤色
💅🏿,涂指甲油: 较深肤色
🤳,自拍
🤳🏻,自拍: 较浅肤色
🤳🏼,自拍: 中等-浅肤色
🤳🏽,自拍: 中等肤色
🤳🏾,自拍: 中等-深肤色
🤳🏿,自拍: 较深肤色
👀,双眼
👁,眼睛
👂,耳朵
👂🏻,耳朵: 较浅肤色
👂🏼,耳朵: 中等-浅肤色
👂🏽,耳朵: 中等肤色
👂🏾,耳朵: 中等-深肤色
👂🏿,耳朵: 较深肤色
👃,鼻子
👃🏻,鼻子: 较浅肤色
👃🏼,鼻子: 中等-浅肤色
👃🏽,鼻子: 中等肤色
👃🏾,鼻子: 中等-深肤色
👃🏿,鼻子: 较深肤色
👄,嘴
👅,舌头
💪,肌肉
💪🏻,肌肉: 较浅肤色
💪🏼,肌肉: 中等-浅肤色
💪🏽,肌肉: 中等肤色
💪🏾,肌肉: 中等-深肤色
💪🏿,肌肉: 较深肤色
🦴,骨头
🦵,腿
🦵🏻,腿: 较浅肤色
🦵🏼,腿: 中等-浅肤色
🦵🏽,腿: 中等肤色
🦵🏾,腿: 中等-深肤色
🦵🏿,腿: 较深肤色
🦶,脚
🦶🏻,脚: 较浅肤色
🦶🏼,脚: 中等-浅肤色
🦶🏽,脚: 中等肤色
🦶🏾,脚: 中等-深肤色
🦶🏿,脚: 较深肤色
🦷,牙齿
🦻,戴助听器的耳朵
🦻🏻,戴助听器的耳朵: 较浅肤色
🦻🏼,戴助听器的耳朵: 中等-浅肤色
🦻🏽,戴助听器的耳朵: 中等肤色
🦻🏾,戴助听器的耳朵: 中等-深肤色
🦻🏿,戴助听器的耳朵: 较深肤色
🦾,机械手臂
🦿,机械腿
🧠,脑
🫀,心脏器官
🫁,肺
🫦,咬住嘴唇
👦,男孩
👦🏻,男孩: 较浅肤色
👦🏼,男孩: 中等-浅肤色
👦🏽,男孩: 中等肤色
👦🏾,男孩: 中等-深肤色
👦🏿,男孩: 较深肤色
👧,女孩
👧🏻,女孩: 较浅肤色
👧🏼,女孩: 中等-浅肤色
👧🏽,女孩: 中等肤色
👧🏾,女孩: 中等-深肤色
👧🏿,女孩: 较深肤色
👨,男人
👨‍🦰,男人: 红发
👨‍🦱,男人: 卷发
👨‍🦲,男人: 秃顶
👨‍🦳,男人: 白发
👨🏻,男人: 较浅肤色
👨🏻‍🦰,男人: 较浅肤色红发
👨🏻‍🦱,男人: 较浅肤色卷发
👨🏻‍🦲,男人: 较浅肤色秃顶
👨🏻‍🦳,男人: 较浅肤色白发
👨🏼,男人: 中等-浅肤色
👨🏼‍🦰,男人: 中等-浅肤色红发
👨🏼‍🦱,男人: 中等-浅肤色卷发
👨🏼‍🦲,男人: 中等-浅肤色秃顶
👨🏼‍🦳,男人: 中等-浅肤色白发
👨🏽,男人: 中等肤色
👨🏽‍🦰,男人: 中等肤色红发
👨🏽‍🦱,男人: 中等肤色卷发
👨🏽‍🦲,男人: 中等肤色秃顶
👨🏽‍🦳,男人: 中等肤色白发
👨🏾,男人: 中等-深肤色
👨🏾‍🦰,男人: 中等-深肤色红发
👨🏾‍🦱,男人: 中等-深肤色卷发
👨🏾‍🦲,男人: 中等-深肤色秃顶
👨🏾‍🦳,男人: 中等-深肤色白发
👨🏿,男人: 较深肤色
👨🏿‍🦰,男人: 较深肤色红发
👨🏿‍🦱,男人: 较深肤色卷发
👨🏿‍🦲,男人: 较深肤色秃顶
👨🏿‍🦳,男人: 较深肤色白发
👩,女人
👩‍🦰,女人: 红发
👩‍🦱,女人: 卷发
👩‍🦲,女人: 秃顶
👩‍🦳,女人: 白发
👩🏻,女人: 较浅肤色
👩🏻‍🦰,女人: 较浅肤色红发
👩🏻‍🦱,女人: 较浅肤色卷发
👩🏻‍🦲,女人: 较浅肤色秃顶
👩🏻‍🦳,女人: 较浅肤色白发
👩🏼,女人: 中等-浅肤色
👩🏼‍🦰,女人: 中等-浅肤色红发
👩🏼‍🦱,女人: 中等-浅肤色卷发
👩🏼‍🦲,女人: 中等-浅肤色秃顶
👩🏼‍🦳,女人: 中等-浅肤色白发
👩🏽,女人: 中等肤色
👩🏽‍🦰,女人: 中等肤色红发
👩🏽‍🦱,女人: 中等肤色卷发
👩🏽‍🦲,女人: 中等肤色秃顶
👩🏽‍🦳,女人: 中等肤色白发
👩🏾,女人: 中等-深肤色
👩🏾‍🦰,女人: 中等-深肤色红发
👩🏾‍🦱,女人: 中等-深肤色卷发
👩🏾‍🦲,女人: 中等-深肤色秃顶
👩🏾‍🦳,女人: 中等-深肤色白发
👩🏿,女人: 较深肤色
👩🏿‍🦰,女人: 较深肤色红发
👩🏿‍🦱,女人: 较深肤色卷发
👩🏿‍🦲,女人: 较深肤色秃顶
👩🏿‍🦳,女人: 较深肤色白发
👱,金色头发的人
👱‍♀,金发女
👱‍♀️,女人：金色的头发
👱‍♂,金发男
👱‍♂️,男人：金色的头发
👱🏻,金色头发的人: 较浅肤色
👱🏻‍♀,金发女: 较浅肤色
👱🏻‍♀️,女人：浅肤色，金色的头发
👱🏻‍♂,金发男: 较浅肤色
👱🏻‍♂️,男人：浅肤色，金色的头发
👱🏼,金色头发的人: 中等-浅肤色
👱🏼‍♀,金发女: 中等-浅肤色
👱🏼‍♀️,女人：中浅肤色，金色的头发
👱🏼‍♂,金发男: 中等-浅肤色
👱🏼‍♂️,男人：中浅肤色，金色的头发
👱🏽,金色头发的人: 中等肤色
👱🏽‍♀,金发女: 中等肤色
👱🏽‍♀️,女人：中等肤色，金色的头发
👱🏽‍♂,金发男: 中等肤色
👱🏽‍♂️,男人：中等肤色，金色的头发
👱🏾,金色头发的人: 中等-深肤色
👱🏾‍♀,金发女: 中等-深肤色
👱🏾‍♀️,女人：中深肤色，金色的头发
👱🏾‍♂,金发男: 中等-深肤色
👱🏾‍♂️,男人：中深肤色，金色的头发
👱🏿,金色头发的人: 较深肤色
👱🏿‍♀,金发女: 较深肤色
👱🏿‍♀️,女人：深肤色，金色的头发
👱🏿‍♂,金发男: 较深肤色
👱🏿‍♂️,男人：深肤色，金色的头发
👴,老爷爷
👴🏻,老爷爷: 较浅肤色
👴🏼,老爷爷: 中等-浅肤色
👴🏽,老爷爷: 中等肤色
👴🏾,老爷爷: 中等-深肤色
👴🏿,老爷爷: 较深肤色
👵,老奶奶
👵🏻,老奶奶: 较浅肤色
👵🏼,老奶奶: 中等-浅肤色
👵🏽,老奶奶: 中等肤色
👵🏾,老奶奶: 中等-深肤色
👵🏿,老奶奶: 较深肤色
👶,小宝贝
👶🏻,小宝贝: 较浅肤色
👶🏼,小宝贝: 中等-浅肤色
👶🏽,小宝贝: 中等肤色
👶🏾,小宝贝: 中等-深肤色
👶🏿,小宝贝: 较深肤色
🧑,成人
🧑‍🦰,成人: 红发
🧑‍🦱,成人: 卷发
🧑‍🦲,成人: 秃顶
🧑‍🦳,成人: 白发
🧑🏻,成人: 较浅肤色
🧑🏻‍🦰,成人: 较浅肤色红发
🧑🏻‍🦱,成人: 较浅肤色卷发
🧑🏻‍🦲,成人: 较浅肤色秃顶
🧑🏻‍🦳,成人: 较浅肤色白发
🧑🏼,成人: 中等-浅肤色
🧑🏼‍🦰,成人: 中等-浅肤色红发
🧑🏼‍🦱,成人: 中等-浅肤色卷发
🧑🏼‍🦲,成人: 中等-浅肤色秃顶
🧑🏼‍🦳,成人: 中等-浅肤色白发
🧑🏽,成人: 中等肤色
🧑🏽‍🦰,成人: 中等肤色红发
🧑🏽‍🦱,成人: 中等肤色卷发
🧑🏽‍🦲,成人: 中等肤色秃顶
🧑🏽‍🦳,成人: 中等肤色白发
🧑🏾,成人: 中等-深肤色
🧑🏾‍🦰,成人: 中等-深肤色红发
🧑🏾‍🦱,成人: 中等-深肤色卷发
🧑🏾‍🦲,成人: 中等-深肤色秃顶
🧑🏾‍🦳,成人: 中等-深肤色白发
🧑🏿,成人: 较深肤色
🧑🏿‍🦰,成人: 较深肤色红发
🧑🏿‍🦱,成人: 较深肤色卷发
🧑🏿‍🦲,成人: 较深肤色秃顶
🧑🏿‍🦳,成人: 较深肤色白发
🧒,儿童
🧒🏻,儿童: 较浅肤色
🧒🏼,儿童: 中等-浅肤色
🧒🏽,儿童: 中等肤色
🧒🏾,儿童: 中等-深肤色
🧒🏿,儿童: 较深肤色
🧓,老年人
🧓🏻,老年人: 较浅肤色
🧓🏼,老年人: 中等-浅肤色
🧓🏽,老年人: 中等肤色
🧓🏾,老年人: 中等-深肤色
🧓🏿,老年人: 较深肤色
🧔,有胡子的人
🧔‍♀,有络腮胡子的女人
🧔‍♀️,有络腮胡子的女人
🧔‍♂,有络腮胡子的男人
🧔‍♂️,有络腮胡子的男人
🧔🏻,有胡子的人: 较浅肤色
🧔🏻‍♀,有络腮胡子的女人: 较浅肤色
🧔🏻‍♀️,有络腮胡子的女人: 较浅肤色
🧔🏻‍♂,有络腮胡子的男人: 较浅肤色
🧔🏻‍♂️,有络腮胡子的男人: 较浅肤色
🧔🏼,有胡子的人: 中等-浅肤色
🧔🏼‍♀,有络腮胡子的女人: 中等-浅肤色
🧔🏼‍♀️,有络腮胡子的女人: 中等-浅肤色
🧔🏼‍♂,有络腮胡子的男人: 中等-浅肤色
🧔🏼‍♂️,有络腮胡子的男人: 中等-浅肤色
🧔🏽,有胡子的人: 中等肤色
🧔🏽‍♀,有络腮胡子的女人: 中等肤色
🧔🏽‍♀️,有络腮胡子的女人: 中等肤色
🧔🏽‍♂,有络腮胡子的男人: 中等肤色
🧔🏽‍♂️,有络腮胡子的男人: 中等肤色
🧔🏾,有胡子的人: 中等-深肤色
🧔🏾‍♀,有络腮胡子的女人: 中等-深肤色
🧔🏾‍♀️,有络腮胡子的女人: 中等-深肤色
🧔🏾‍♂,有络腮胡子的男人: 中等-深肤色
🧔🏾‍♂️,有络腮胡子的男人: 中等-深肤色
🧔🏿,有胡子的人: 较深肤色
🧔🏿‍♀,有络腮胡子的女人: 较深肤色
🧔🏿‍♀️,有络腮胡子的女人: 较深肤色
🧔🏿‍♂,有络腮胡子的男人: 较深肤色
🧔🏿‍♂️,有络腮胡子的男人: 较深肤色
💁,前台
💁‍♀,前台女
💁‍♀️,女人举起的手
💁‍♂,前台男
💁‍♂️,男子举起的手
💁🏻,前台: 较浅肤色
💁🏻‍♀,前台女: 较浅肤色
💁🏻‍♀️,女人倾手：淡肤色
💁🏻‍♂,前台男: 较浅肤色
💁🏻‍♂️,男子倾手：浅肤色
💁🏼,前台: 中等-浅肤色
💁🏼‍♀,前台女: 中等-浅肤色
💁🏼‍♀️,女人倾手：中浅肤色
💁🏼‍♂,前台男: 中等-浅肤色
💁🏼‍♂️,男士倾手：中浅肤色
💁🏽,前台: 中等肤色
💁🏽‍♀,前台女: 中等肤色
💁🏽‍♀️,女人倾手：中等肤色
💁🏽‍♂,前台男: 中等肤色
💁🏽‍♂️,男士倾手：中等肤色
💁🏾,前台: 中等-深肤色
💁🏾‍♀,前台女: 中等-深肤色
💁🏾‍♀️,女人倾手：中深肤色
💁🏾‍♂,前台男: 中等-深肤色
💁🏾‍♂️,男士倾手：中深肤色
💁🏿,前台: 较深肤色
💁🏿‍♀,前台女: 较深肤色
💁🏿‍♀️,女人倾手：深肤色
💁🏿‍♂,前台男: 较深肤色
💁🏿‍♂️,男人倾手：深肤色
🙅,禁止手势
🙅‍♀,禁止手势女
🙅‍♀️,女人打手势不同意
🙅‍♂,禁止手势男
🙅‍♂️,男人打手势不同意
🙅🏻,禁止手势: 较浅肤色
🙅🏻‍♀,禁止手势女: 较浅肤色
🙅🏻‍♀️,女人打手势不同意：浅肤色
🙅🏻‍♂,禁止手势男: 较浅肤色
🙅🏻‍♂️,男人打手势不同意：浅肤色
🙅🏼,禁止手势: 中等-浅肤色
🙅🏼‍♀,禁止手势女: 中等-浅肤色
🙅🏼‍♀️,女人打手势不同意：中浅肤色
🙅🏼‍♂,禁止手势男: 中等-浅肤色
🙅🏼‍♂️,男人打手势不同意：中浅肤色
🙅🏽,禁止手势: 中等肤色
🙅🏽‍♀,禁止手势女: 中等肤色
🙅🏽‍♀️,女人打手势不同意：中等肤色
🙅🏽‍♂,禁止手势男: 中等肤色
🙅🏽‍♂️,男人打手势不同意：中等肤色
🙅🏾,禁止手势: 中等-深肤色
🙅🏾‍♀,禁止手势女: 中等-深肤色
🙅🏾‍♀️,女人打手势不同意：中深肤色
🙅🏾‍♂,禁止手势男: 中等-深肤色
🙅🏾‍♂️,男人打手势不同意：中深肤色
🙅🏿,禁止手势: 较深肤色
🙅🏿‍♀,禁止手势女: 较深肤色
🙅🏿‍♀️,女人打手势不同意：深肤色
🙅🏿‍♂,禁止手势男: 较深肤色
🙅🏿‍♂️,男人打手势不同意：深肤色
🙆,OK手势
🙆‍♀,OK手势女
🙆‍♀️,女人打手势同意
🙆‍♂,OK手势男
🙆‍♂️,男人打手势同意
🙆🏻,OK手势: 较浅肤色
🙆🏻‍♀,OK手势女: 较浅肤色
🙆🏻‍♀️,女人打手势同意：浅肤色
🙆🏻‍♂,OK手势男: 较浅肤色
🙆🏻‍♂️,男人打手势同意：浅肤色
🙆🏼,OK手势: 中等-浅肤色
🙆🏼‍♀,OK手势女: 中等-浅肤色
🙆🏼‍♀️,女人打手势同意：中浅肤色
🙆🏼‍♂,OK手势男: 中等-浅肤色
🙆🏼‍♂️,男人打手势同意：中浅肤色
🙆🏽,OK手势: 中等肤色
🙆🏽‍♀,OK手势女: 中等肤色
🙆🏽‍♀️,女人打手势同意：中等肤色
🙆🏽‍♂,OK手势男: 中等肤色
🙆🏽‍♂️,男人打手势同意：中等肤色
🙆🏾,OK手势: 中等-深肤色
🙆🏾‍♀,OK手势女: 中等-深肤色
🙆🏾‍♀️,女人打手势同意：中深肤色
🙆🏾‍♂,OK手势男: 中等-深肤色
🙆🏾‍♂️,男子打手势同意：中深肤色
🙆🏿,OK手势: 较深肤色
🙆🏿‍♀,OK手势女: 较深肤色
🙆🏿‍♀️,女人打手势同意：深肤色
🙆🏿‍♂,OK手势男: 较深肤色
🙆🏿‍♂️,男子打手势同意：深肤色
🙇,鞠躬
🙇‍♀,女生鞠躬
🙇‍♀️,女人鞠躬
🙇‍♂,男生鞠躬
🙇‍♂️,男人鞠躬
🙇🏻,鞠躬: 较浅肤色
🙇🏻‍♀,女生鞠躬: 较浅肤色
🙇🏻‍♀️,女人鞠躬：浅肤色
🙇🏻‍♂,男生鞠躬: 较浅肤色
🙇🏻‍♂️,男人鞠躬：浅肤色
🙇🏼,鞠躬: 中等-浅肤色
🙇🏼‍♀,女生鞠躬: 中等-浅肤色
🙇🏼‍♀️,女人鞠躬：中浅肤色
🙇🏼‍♂,男生鞠躬: 中等-浅肤色
🙇🏼‍♂️,男人鞠躬：中浅肤色
🙇🏽,鞠躬: 中等肤色
🙇🏽‍♀,女生鞠躬: 中等肤色
🙇🏽‍♀️,女人鞠躬：中等肤色
🙇🏽‍♂,男生鞠躬: 中等肤色
🙇🏽‍♂️,男人鞠躬：中等肤色
🙇🏾,鞠躬: 中等-深肤色
🙇🏾‍♀,女生鞠躬: 中等-深肤色
🙇🏾‍♀️,女人鞠躬：中深肤色
🙇🏾‍♂,男生鞠躬: 中等-深肤色
🙇🏾‍♂️,男人鞠躬：中深肤色
🙇🏿,鞠躬: 较深肤色
🙇🏿‍♀,女生鞠躬: 较深肤色
🙇🏿‍♀️,女人鞠躬：深肤色
🙇🏿‍♂,男生鞠躬: 较深肤色
🙇🏿‍♂️,男人鞠躬：深肤色
🙋,举手
🙋‍♀,女生举手
🙋‍♀️,举手的女人
🙋‍♂,男生举手
🙋‍♂️,举手的男人
🙋🏻,举手: 较浅肤色
🙋🏻‍♀,女生举手: 较浅肤色
🙋🏻‍♀️,举手的女人：浅肤色
🙋🏻‍♂,男生举手: 较浅肤色
🙋🏻‍♂️,举手的男人：浅肤色
🙋🏼,举手: 中等-浅肤色
🙋🏼‍♀,女生举手: 中等-浅肤色
🙋🏼‍♀️,举手的女人：中浅肤色
🙋🏼‍♂,男生举手: 中等-浅肤色
🙋🏼‍♂️,举手的男人：中浅肤色
🙋🏽,举手: 中等肤色
🙋🏽‍♀,女生举手: 中等肤色
🙋🏽‍♀️,举手的女人：中等肤色
🙋🏽‍♂,男生举手: 中等肤色
🙋🏽‍♂️,举手的男人：中等肤色
🙋🏾,举手: 中等-深肤色
🙋🏾‍♀,女生举手: 中等-深肤色
🙋🏾‍♀️,举手的女人：中深肤色
🙋🏾‍♂,男生举手: 中等-深肤色
🙋🏾‍♂️,举手的男人：中深肤色
🙋🏿,举手: 较深肤色
🙋🏿‍♀,女生举手: 较深肤色
🙋🏿‍♀️,举手的女人：深肤色
🙋🏿‍♂,男生举手: 较深肤色
🙋🏿‍♂️,举手的男人：深肤色
🙍,皱眉
🙍‍♀,皱眉女
🙍‍♀️,女人皱着眉头
🙍‍♂,皱眉男
🙍‍♂️,皱眉的男人
🙍🏻,皱眉: 较浅肤色
🙍🏻‍♀,皱眉女: 较浅肤色
🙍🏻‍♀️,女人皱着眉头：浅肤色
🙍🏻‍♂,皱眉男: 较浅肤色
🙍🏻‍♂️,男人皱着眉头：浅肤色
🙍🏼,皱眉: 中等-浅肤色
🙍🏼‍♀,皱眉女: 中等-浅肤色
🙍🏼‍♀️,女人皱着眉头：中浅肤色
🙍🏼‍♂,皱眉男: 中等-浅肤色
🙍🏼‍♂️,男人皱着眉头：中浅肤色
🙍🏽,皱眉: 中等肤色
🙍🏽‍♀,皱眉女: 中等肤色
🙍🏽‍♀️,女人皱着眉头：中等肤色
🙍🏽‍♂,皱眉男: 中等肤色
🙍🏽‍♂️,男人皱着眉头：中等肤色
🙍🏾,皱眉: 中等-深肤色
🙍🏾‍♀,皱眉女: 中等-深肤色
🙍🏾‍♀️,女人皱着眉头：中深肤色
🙍🏾‍♂,皱眉男: 中等-深肤色
🙍🏾‍♂️,男人皱着眉头：中深肤色
🙍🏿,皱眉: 较深肤色
🙍🏿‍♀,皱眉女: 较深肤色
🙍🏿‍♀️,女人皱着眉头：深肤色
🙍🏿‍♂,皱眉男: 较深肤色
🙍🏿‍♂️,男人皱着眉头：深肤色
🙎,撅嘴
🙎‍♀,撅嘴女
🙎‍♀️,噘嘴的女人
🙎‍♂,撅嘴男
🙎‍♂️,噘嘴的男人
🙎🏻,撅嘴: 较浅肤色
🙎🏻‍♀,撅嘴女: 较浅肤色
🙎🏻‍♀️,女人噘嘴：淡肤色
🙎🏻‍♂,撅嘴男: 较浅肤色
🙎🏻‍♂️,男人噘嘴：浅肤色
🙎🏼,撅嘴: 中等-浅肤色
🙎🏼‍♀,撅嘴女: 中等-浅肤色
🙎🏼‍♀️,女人噘嘴：中浅肤色
🙎🏼‍♂,撅嘴男: 中等-浅肤色
🙎🏼‍♂️,男人噘嘴：中浅肤色
🙎🏽,撅嘴: 中等肤色
🙎🏽‍♀,撅嘴女: 中等肤色
🙎🏽‍♀️,女人噘嘴：中等肤色
🙎🏽‍♂,撅嘴男: 中等肤色
🙎🏽‍♂️,男人噘嘴：中等肤色
🙎🏾,撅嘴: 中等-深肤色
🙎🏾‍♀,撅嘴女: 中等-深肤色
🙎🏾‍♀️,女人噘嘴：中深肤色
🙎🏾‍♂,撅嘴男: 中等-深肤色
🙎🏾‍♂️,男人噘嘴：中深肤色
🙎🏿,撅嘴: 较深肤色
🙎🏿‍♀,撅嘴女: 较深肤色
🙎🏿‍♀️,女人噘嘴：深肤色
🙎🏿‍♂,撅嘴男: 较深肤色
🙎🏿‍♂️,男人噘嘴：深肤色
🤦,捂脸
🤦‍♀,女生捂脸
🤦‍♀️,女人捂脸
🤦‍♂,男生捂脸
🤦‍♂️,男人捂脸
🤦🏻,捂脸: 较浅肤色
🤦🏻‍♀,女生捂脸: 较浅肤色
🤦🏻‍♀️,女人捂脸：浅肤色
🤦🏻‍♂,男生捂脸: 较浅肤色
🤦🏻‍♂️,男人捂脸：浅肤色
🤦🏼,捂脸: 中等-浅肤色
🤦🏼‍♀,女生捂脸: 中等-浅肤色
🤦🏼‍♀️,女人捂脸：中浅肤色
🤦🏼‍♂,男生捂脸: 中等-浅肤色
🤦🏼‍♂️,男人捂脸：中浅肤色
🤦🏽,捂脸: 中等肤色
🤦🏽‍♀,女生捂脸: 中等肤色
🤦🏽‍♀️,女人捂脸：中等肤色
🤦🏽‍♂,男生捂脸: 中等肤色
🤦🏽‍♂️,男人捂脸：中等肤色
🤦🏾,捂脸: 中等-深肤色
🤦🏾‍♀,女生捂脸: 中等-深肤色
🤦🏾‍♀️,女人捂脸：中深肤色
🤦🏾‍♂,男生捂脸: 中等-深肤色
🤦🏾‍♂️,男人捂脸：中深肤色
🤦🏿,捂脸: 较深肤色
🤦🏿‍♀,女生捂脸: 较深肤色
🤦🏿‍♀️,女人捂脸：深肤色
🤦🏿‍♂,男生捂脸: 较深肤色
🤦🏿‍♂️,男人捂脸：深肤色
🤷,耸肩
🤷‍♀,女生耸肩
🤷‍♀️,女人耸肩
🤷‍♂,男生耸肩
🤷‍♂️,男人耸肩
🤷🏻,耸肩: 较浅肤色
🤷🏻‍♀,女生耸肩: 较浅肤色
🤷🏻‍♀️,女人耸肩：浅肤色
🤷🏻‍♂,男生耸肩: 较浅肤色
🤷🏻‍♂️,男人耸肩：浅肤色
🤷🏼,耸肩: 中等-浅肤色
🤷🏼‍♀,女生耸肩: 中等-浅肤色
🤷🏼‍♀️,女人耸肩：中浅肤色
🤷🏼‍♂,男生耸肩: 中等-浅肤色
🤷🏼‍♂️,男人耸肩：中浅肤色
🤷🏽,耸肩: 中等肤色
🤷🏽‍♀,女生耸肩: 中等肤色
🤷🏽‍♀️,女人耸肩：中等肤色
🤷🏽‍♂,男生耸肩: 中等肤色
🤷🏽‍♂️,男人耸肩：中等肤色
🤷🏾,耸肩: 中等-深肤色
🤷🏾‍♀,女生耸肩: 中等-深肤色
🤷🏾‍♀️,女人耸肩：中深肤色
🤷🏾‍♂,男生耸肩: 中等-深肤色
🤷🏾‍♂️,男人耸肩：中深肤色
🤷🏿,耸肩: 较深肤色
🤷🏿‍♀,女生耸肩: 较深肤色
🤷🏿‍♀️,女人耸肩：深肤色
🤷🏿‍♂,男生耸肩: 较深肤色
🤷🏿‍♂️,男人耸肩：深肤色
🧏,失聪者
🧏‍♀,失聪的女人
🧏‍♀️,聋哑女人
🧏‍♂,失聪的男人
🧏‍♂️,聋哑男人
🧏🏻,失聪者: 较浅肤色
🧏🏻‍♀,失聪的女人: 较浅肤色
🧏🏻‍♀️,聋哑女人：浅肤色
🧏🏻‍♂,失聪的男人: 较浅肤色
🧏🏻‍♂️,聋哑男人：浅肤色
🧏🏼,失聪者: 中等-浅肤色
🧏🏼‍♀,失聪的女人: 中等-浅肤色
🧏🏼‍♀️,聋哑女人：中浅肤色
🧏🏼‍♂,失聪的男人: 中等-浅肤色
🧏🏼‍♂️,聋哑男人：中浅肤色
🧏🏽,失聪者: 中等肤色
🧏🏽‍♀,失聪的女人: 中等肤色
🧏🏽‍♀️,聋哑女人：中等肤色
🧏🏽‍♂,失聪的男人: 中等肤色
🧏🏽‍♂️,聋哑男人：中等肤色
🧏🏾,失聪者: 中等-深肤色
🧏🏾‍♀,失聪的女人: 中等-深肤色
🧏🏾‍♀️,聋哑女人：中深肤色
🧏🏾‍♂,失聪的男人: 中等-深肤色
🧏🏾‍♂️,聋哑男人：中深肤色
🧏🏿,失聪者: 较深肤色
🧏🏿‍♀,失聪的女人: 较深肤色
🧏🏿‍♀️,聋哑女人：深肤色
🧏🏿‍♂,失聪的男人: 较深肤色
🧏🏿‍♂️,聋哑男人：深肤色
👨‍⚕,男医生
👨‍⚕️,男子健康工作者
👨‍⚖,男法官
👨‍⚖️,男子法官
👨‍✈,男飞行员
👨‍✈️,男子飞行员
👨‍🌾,农夫
👨‍🍳,男厨师
👨‍🍼,哺乳的男人
👨‍🎓,男学生
👨‍🎤,男歌手
👨‍🎨,男艺术家
👨‍🏫,男老师
👨‍🏭,男工人
👨‍💻,男程序员
👨‍💼,男白领
👨‍🔧,男技工
👨‍🔬,男科学家
👨‍🚀,男宇航员
👨‍🚒,男消防员
👨🏻‍⚕,男医生: 较浅肤色
👨🏻‍⚕️,男医生: 较浅肤色
👨🏻‍⚖,男法官: 较浅肤色
👨🏻‍⚖️,男人法官：浅肤色
👨🏻‍✈,男飞行员: 较浅肤色
👨🏻‍✈️,男人飞行员：浅肤色
👨🏻‍🌾,农夫: 较浅肤色
👨🏻‍🍳,男厨师: 较浅肤色
👨🏻‍🍼,哺乳的男人: 较浅肤色
👨🏻‍🎓,男学生: 较浅肤色
👨🏻‍🎤,男歌手: 较浅肤色
👨🏻‍🎨,男艺术家: 较浅肤色
👨🏻‍🏫,男老师: 较浅肤色
👨🏻‍🏭,男工人: 较浅肤色
👨🏻‍💻,男程序员: 较浅肤色
👨🏻‍💼,男白领: 较浅肤色
👨🏻‍🔧,男技工: 较浅肤色
👨🏻‍🔬,男科学家: 较浅肤色
👨🏻‍🚀,男宇航员: 较浅肤色
👨🏻‍🚒,男消防员: 较浅肤色
👨🏼‍⚕,男医生: 中等-浅肤色
👨🏼‍⚕️,男士健康工作者：中浅肤色
👨🏼‍⚖,男法官: 中等-浅肤色
👨🏼‍⚖️,男人法官：中浅肤色
👨🏼‍✈,男飞行员: 中等-浅肤色
👨🏼‍✈️,男子飞行员：中浅肤色
👨🏼‍🌾,农夫: 中等-浅肤色
👨🏼‍🍳,男厨师: 中等-浅肤色
👨🏼‍🍼,哺乳的男人: 中等-浅肤色
👨🏼‍🎓,男学生: 中等-浅肤色
👨🏼‍🎤,男歌手: 中等-浅肤色
👨🏼‍🎨,男艺术家: 中等-浅肤色
👨🏼‍🏫,男老师: 中等-浅肤色
👨🏼‍🏭,男工人: 中等-浅肤色
👨🏼‍💻,男程序员: 中等-浅肤色
👨🏼‍💼,男白领: 中等-浅肤色
👨🏼‍🔧,男技工: 中等-浅肤色
👨🏼‍🔬,男科学家: 中等-浅肤色
👨🏼‍🚀,男宇航员: 中等-浅肤色
👨🏼‍🚒,男消防员: 中等-浅肤色
👨🏽‍⚕,男医生: 中等肤色
👨🏽‍⚕️,男性健康工作者：中等肤色
👨🏽‍⚖,男法官: 中等肤色
👨🏽‍⚖️,男人法官：中等肤色
👨🏽‍✈,男飞行员: 中等肤色
👨🏽‍✈️,男子飞行员：中等肤色
👨🏽‍🌾,农夫: 中等肤色
👨🏽‍🍳,男厨师: 中等肤色
👨🏽‍🍼,哺乳的男人: 中等肤色
👨🏽‍🎓,男学生: 中等肤色
👨🏽‍🎤,男歌手: 中等肤色
👨🏽‍🎨,男艺术家: 中等肤色
👨🏽‍🏫,男老师: 中等肤色
👨🏽‍🏭,男工人: 中等肤色
👨🏽‍💻,男程序员: 中等肤色
👨🏽‍💼,男白领: 中等肤色
👨🏽‍🔧,男技工: 中等肤色
👨🏽‍🔬,男科学家: 中等肤色
👨🏽‍🚀,男宇航员: 中等肤色
👨🏽‍🚒,男消防员: 中等肤色
👨🏾‍⚕,男医生: 中等-深肤色
👨🏾‍⚕️,男性健康工作者：中深肤色
👨🏾‍⚖,男法官: 中等-深肤色
👨🏾‍⚖️,男人法官：中深肤色
👨🏾‍✈,男飞行员: 中等-深肤色
👨🏾‍✈️,男子飞行员：中深肤色
👨🏾‍🌾,农夫: 中等-深肤色
👨🏾‍🍳,男厨师: 中等-深肤色
👨🏾‍🍼,哺乳的男人: 中等-深肤色
👨🏾‍🎓,男学生: 中等-深肤色
👨🏾‍🎤,男歌手: 中等-深肤色
👨🏾‍🎨,男艺术家: 中等-深肤色
👨🏾‍🏫,男老师: 中等-深肤色
👨🏾‍🏭,男工人: 中等-深肤色
👨🏾‍💻,男程序员: 中等-深肤色
👨🏾‍💼,男白领: 中等-深肤色
👨🏾‍🔧,男技工: 中等-深肤色
👨🏾‍🔬,男科学家: 中等-深肤色
👨🏾‍🚀,男宇航员: 中等-深肤色
👨🏾‍🚒,男消防员: 中等-深肤色
👨🏿‍⚕,男医生: 较深肤色
👨🏿‍⚕️,男性健康工作者：深肤色
👨🏿‍⚖,男法官: 较深肤色
👨🏿‍⚖️,男子法官：深肤色
👨🏿‍✈,男飞行员: 较深肤色
👨🏿‍✈️,男子飞行员：深肤色
👨🏿‍🌾,农夫: 较深肤色
👨🏿‍🍳,男厨师: 较深肤色
👨🏿‍🍼,哺乳的男人: 较深肤色
👨🏿‍🎓,男学生: 较深肤色
👨🏿‍🎤,男歌手: 较深肤色
👨🏿‍🎨,男艺术家: 较深肤色
👨🏿‍🏫,男老师: 较深肤色
👨🏿‍🏭,男工人: 较深肤色
👨🏿‍💻,男程序员: 较深肤色
👨🏿‍💼,男白领: 较深肤色
👨🏿‍🔧,男技工: 较深肤色
👨🏿‍🔬,男科学家: 较深肤色
👨🏿‍🚀,男宇航员: 较深肤色
👨🏿‍🚒,男消防员: 较深肤色
👩‍⚕,女医生
👩‍⚕️,女卫生工作者
👩‍⚖,女法官
👩‍⚖️,女法官
👩‍✈,女飞行员
👩‍✈️,女飞行员
👩‍🌾,农妇
👩‍🍳,女厨师
👩‍🍼,哺乳的女人
👩‍🎓,女学生
👩‍🎤,女歌手
👩‍🎨,女艺术家
👩‍🏫,女老师
👩‍🏭,女工人
👩‍💻,女程序员
👩‍💼,女白领
👩‍🔧,女技工
👩‍🔬,女科学家
👩‍🚀,女宇航员
👩‍🚒,女消防员
👩🏻‍⚕,女医生: 较浅肤色
👩🏻‍⚕️,女性健康工作者：浅肤色
👩🏻‍⚖,女法官: 较浅肤色
👩🏻‍⚖️,女法官：浅肤色
👩🏻‍✈,女飞行员: 较浅肤色
👩🏻‍✈️,女飞行员：浅肤色
👩🏻‍🌾,农妇: 较浅肤色
👩🏻‍🍳,女厨师: 较浅肤色
👩🏻‍🍼,哺乳的女人: 较浅肤色
👩🏻‍🎓,女学生: 较浅肤色
👩🏻‍🎤,女歌手: 较浅肤色
👩🏻‍🎨,女艺术家: 较浅肤色
👩🏻‍🏫,女老师: 较浅肤色
👩🏻‍🏭,女工人: 较浅肤色
👩🏻‍💻,女程序员: 较浅肤色
👩🏻‍💼,女白领: 较浅肤色
👩🏻‍🔧,女技工: 较浅肤色
👩🏻‍🔬,女科学家: 较浅肤色
👩🏻‍🚀,女宇航员: 较浅肤色
👩🏻‍🚒,女消防员: 较浅肤色
👩🏼‍⚕,女医生: 中等-浅肤色
👩🏼‍⚕️,女性健康工作者：中浅肤色
👩🏼‍⚖,女法官: 中等-浅肤色
👩🏼‍⚖️,女法官：中浅肤色
👩🏼‍✈,女飞行员: 中等-浅肤色
👩🏼‍✈️,女飞行员：中浅肤色
👩🏼‍🌾,农妇: 中等-浅肤色
👩🏼‍🍳,女厨师: 中等-浅肤色
👩🏼‍🍼,哺乳的女人: 中等-浅肤色
👩🏼‍🎓,女学生: 中等-浅肤色
👩🏼‍🎤,女歌手: 中等-浅肤色
👩🏼‍🎨,女艺术家: 中等-浅肤色
👩🏼‍🏫,女老师: 中等-浅肤色
👩🏼‍🏭,女工人: 中等-浅肤色
👩🏼‍💻,女程序员: 中等-浅肤色
👩🏼‍💼,女白领: 中等-浅肤色
👩🏼‍🔧,女技工: 中等-浅肤色
👩🏼‍🔬,女科学家: 中等-浅肤色
👩🏼‍🚀,女宇航员: 中等-浅肤色
👩🏼‍🚒,女消防员: 中等-浅肤色
👩🏽‍⚕,女医生: 中等肤色
👩🏽‍⚕️,女性健康工作者：中等肤色
👩🏽‍⚖,女法官: 中等肤色
👩🏽‍⚖️,女法官：中等肤色
👩🏽‍✈,女飞行员: 中等肤色
👩🏽‍✈️,女飞行员：中等肤色
👩🏽‍🌾,农妇: 中等肤色
👩🏽‍🍳,女厨师: 中等肤色
👩🏽‍🍼,哺乳的女人: 中等肤色
👩🏽‍🎓,女学生: 中等肤色
👩🏽‍🎤,女歌手: 中等肤色
👩🏽‍🎨,女艺术家: 中等肤色
👩🏽‍🏫,女老师: 中等肤色
👩🏽‍🏭,女工人: 中等肤色
👩🏽‍💻,女程序员: 中等肤色
👩🏽‍💼,女白领: 中等肤色
👩🏽‍🔧,女技工: 中等肤色
👩🏽‍🔬,女科学家: 中等肤色
👩🏽‍🚀,女宇航员: 中等肤色
👩🏽‍🚒,女消防员: 中等肤色
👩🏾‍⚕,女医生: 中等-深肤色
👩🏾‍⚕️,女性健康工作者：中深肤色
👩🏾‍⚖,女法官: 中等-深肤色
👩🏾‍⚖️,女法官：中深肤色
👩🏾‍✈,女飞行员: 中等-深肤色
👩🏾‍✈️,女飞行员：中深肤色
👩🏾‍🌾,农妇: 中等-深肤色
👩🏾‍🍳,女厨师: 中等-深肤色
👩🏾‍🍼,哺乳的女人: 中等-深肤色
👩🏾‍🎓,女学生: 中等-深肤色
👩🏾‍🎤,女歌手: 中等-深肤色
👩🏾‍🎨,女艺术家: 中等-深肤色
👩🏾‍🏫,女老师: 中等-深肤色
👩🏾‍🏭,女工人: 中等-深肤色
👩🏾‍💻,女程序员: 中等-深肤色
👩🏾‍💼,女白领: 中等-深肤色
👩🏾‍🔧,女技工: 中等-深肤色
👩🏾‍🔬,女科学家: 中等-深肤色
👩🏾‍🚀,女宇航员: 中等-深肤色
👩🏾‍🚒,女消防员: 中等-深肤色
👩🏿‍⚕,女医生: 较深肤色
👩🏿‍⚕️,女性健康工作者：深肤色
👩🏿‍⚖,女法官: 较深肤色
👩🏿‍⚖️,女法官：深肤色
👩🏿‍✈,女飞行员: 较深肤色
👩🏿‍✈️,女飞行员：深肤色
👩🏿‍🌾,农妇: 较深肤色
👩🏿‍🍳,女厨师: 较深肤色
👩🏿‍🍼,哺乳的女人: 较深肤色
👩🏿‍🎓,女学生: 较深肤色
👩🏿‍🎤,女歌手: 较深肤色
👩🏿‍🎨,女艺术家: 较深肤色
👩🏿‍🏫,女老师: 较深肤色
👩🏿‍🏭,女工人: 较深肤色
👩🏿‍💻,女程序员: 较深肤色
👩🏿‍💼,女白领: 较深肤色
👩🏿‍🔧,女技工: 较深肤色
👩🏿‍🔬,女科学家: 较深肤色
👩🏿‍🚀,女宇航员: 较深肤色
👩🏿‍🚒,女消防员: 较深肤色
👮,警察
👮‍♀,女警察
👮‍♀️,女警官
👮‍♂,男警察
👮‍♂️,男警官
👮🏻,警察: 较浅肤色
👮🏻‍♀,女警察: 较浅肤色
👮🏻‍♀️,女警官：浅肤色
👮🏻‍♂,男警察: 较浅肤色
👮🏻‍♂️,男警官：浅肤色
👮🏼,警察: 中等-浅肤色
👮🏼‍♀,女警察: 中等-浅肤色
👮🏼‍♀️,女警官：中浅肤色
👮🏼‍♂,男警察: 中等-浅肤色
👮🏼‍♂️,男警察: 中等-浅肤色
👮🏽,警察: 中等肤色
👮🏽‍♀,女警察: 中等肤色
👮🏽‍♀️,女警察: 中等肤色
👮🏽‍♂,男警察: 中等肤色
👮🏽‍♂️,男警官：中等肤色
👮🏾,警察: 中等-深肤色
👮🏾‍♀,女警察: 中等-深肤色
👮🏾‍♀️,女警官：中深肤色
👮🏾‍♂,男警察: 中等-深肤色
👮🏾‍♂️,男警官：中深肤色
👮🏿,警察: 较深肤色
👮🏿‍♀,女警察: 较深肤色
👮🏿‍♀️,女警察: 较深肤色
👮🏿‍♂,男警察: 较深肤色
👮🏿‍♂️,男警察: 较深肤色
👰,戴头纱的人
👰‍♀,戴头纱的女人
👰‍♀️,戴头纱的女人
👰‍♂,戴头纱的男人
👰‍♂️,戴头纱的男人
👰🏻,戴头纱的人: 较浅肤色
👰🏻‍♀,戴头纱的女人: 较浅肤色
👰🏻‍♀️,戴头纱的女人: 较浅肤色
👰🏻‍♂,戴头纱的男人: 较浅肤色
👰🏻‍♂️,戴头纱的男人: 较浅肤色
👰🏼,戴头纱的人: 中等-浅肤色
👰🏼‍♀,戴头纱的女人: 中等-浅肤色
👰🏼‍♀️,戴头纱的女人: 中等-浅肤色
👰🏼‍♂,戴头纱的男人: 中等-浅肤色
👰🏼‍♂️,戴头纱的男人: 中等-浅肤色
👰🏽,戴头纱的人: 中等肤色
👰🏽‍♀,戴头纱的女人: 中等肤色
👰🏽‍♀️,戴头纱的女人: 中等肤色
👰🏽‍♂,戴头纱的男人: 中等肤色
👰🏽‍♂️,戴头纱的男人: 中等肤色
👰🏾,戴头纱的人: 中等-深肤色
👰🏾‍♀,戴头纱的女人: 中等-深肤色
👰🏾‍♀️,戴头纱的女人: 中等-深肤色
👰🏾‍♂,戴头纱的男人: 中等-深肤色
👰🏾‍♂️,戴头纱的男人: 中等-深肤色
👰🏿,戴头纱的人: 较深肤色
👰🏿‍♀,戴头纱的女人: 较深肤色
👰🏿‍♀️,戴头纱的女人: 较深肤色
👰🏿‍♂,戴头纱的男人: 较深肤色
👰🏿‍♂️,戴头纱的男人: 较深肤色
👲,戴瓜皮帽的人
👲🏻,戴瓜皮帽的人: 较浅肤色
👲🏼,戴瓜皮帽的人: 中等-浅肤色
👲🏽,戴瓜皮帽的人: 中等肤色
👲🏾,戴瓜皮帽的人: 中等-深肤色
👲🏿,戴瓜皮帽的人: 较深肤色
👳,戴头巾的人
👳‍♀,戴头巾的女人
👳‍♀️,女人戴着头巾
👳‍♂,戴头巾的男人
👳‍♂️,男子戴着头巾
👳🏻,戴头巾的人: 较浅肤色
👳🏻‍♀,戴头巾的女人: 较浅肤色
👳🏻‍♀️,女人戴着头巾：浅肤色
👳🏻‍♂,戴头巾的男人: 较浅肤色
👳🏻‍♂️,男子戴头巾：浅肤色
👳🏼,戴头巾的人: 中等-浅肤色
👳🏼‍♀,戴头巾的女人: 中等-浅肤色
👳🏼‍♀️,女人戴着头巾：中浅肤色
👳🏼‍♂,戴头巾的男人: 中等-浅肤色
👳🏼‍♂️,男士戴头巾：中浅肤色
👳🏽,戴头巾的人: 中等肤色
👳🏽‍♀,戴头巾的女人: 中等肤色
👳🏽‍♀️,女人戴着头巾：中等肤色
👳🏽‍♂,戴头巾的男人: 中等肤色
👳🏽‍♂️,男士戴头巾：中等肤色
👳🏾,戴头巾的人: 中等-深肤色
👳🏾‍♀,戴头巾的女人: 中等-深肤色
👳🏾‍♀️,女人戴着头巾：中深肤色
👳🏾‍♂,戴头巾的男人: 中等-深肤色
👳🏾‍♂️,男士戴头巾：中深肤色
👳🏿,戴头巾的人: 较深肤色
👳🏿‍♀,戴头巾的女人: 较深肤色
👳🏿‍♀️,女人戴着头巾：深肤色
👳🏿‍♂,戴头巾的男人: 较深肤色
👳🏿‍♂️,男子戴头巾：深肤色
👷,建筑工人
👷‍♀,女建筑工人
👷‍♀️,女建筑工人
👷‍♂,男建筑工人
👷‍♂️,男子建筑工人
👷🏻,建筑工人: 较浅肤色
👷🏻‍♀,女建筑工人: 较浅肤色
👷🏻‍♀️,女建筑工人：浅肤色
👷🏻‍♂,男建筑工人: 较浅肤色
👷🏻‍♂️,男人建筑工人：浅肤色
👷🏼,建筑工人: 中等-浅肤色
👷🏼‍♀,女建筑工人: 中等-浅肤色
👷🏼‍♀️,女建筑工人：中浅肤色
👷🏼‍♂,男建筑工人: 中等-浅肤色
👷🏼‍♂️,男人建筑工人：中浅肤色
👷🏽,建筑工人: 中等肤色
👷🏽‍♀,女建筑工人: 中等肤色
👷🏽‍♀️,女建筑工人：中等肤色
👷🏽‍♂,男建筑工人: 中等肤色
👷🏽‍♂️,男子建筑工人：中等肤色
👷🏾,建筑工人: 中等-深肤色
👷🏾‍♀,女建筑工人: 中等-深肤色
👷🏾‍♀️,女建筑工人：中深肤色
👷🏾‍♂,男建筑工人: 中等-深肤色
👷🏾‍♂️,男子建筑工人：中深肤色
👷🏿,建筑工人: 较深肤色
👷🏿‍♀,女建筑工人: 较深肤色
👷🏿‍♀️,女建筑工人：深肤色
👷🏿‍♂,男建筑工人: 较深肤色
👷🏿‍♂️,男子建筑工人：深肤色
👸,公主
👸🏻,公主: 较浅肤色
👸🏼,公主: 中等-浅肤色
👸🏽,公主: 中等肤色
👸🏾,公主: 中等-深肤色
👸🏿,公主: 较深肤色
💂,卫兵
💂‍♀,女卫兵
💂‍♀️,女警卫
💂‍♂,男卫兵
💂‍♂️,男警卫
💂🏻,卫兵: 较浅肤色
💂🏻‍♀,女卫兵: 较浅肤色
💂🏻‍♀️,女警卫：浅肤色
💂🏻‍♂,男卫兵: 较浅肤色
💂🏻‍♂️,男警卫：浅肤色
💂🏼,卫兵: 中等-浅肤色
💂🏼‍♀,女卫兵: 中等-浅肤色
💂🏼‍♀️,女警卫：中浅肤色
💂🏼‍♂,男卫兵: 中等-浅肤色
💂🏼‍♂️,男警卫：中浅肤色
💂🏽,卫兵: 中等肤色
💂🏽‍♀,女卫兵: 中等肤色
💂🏽‍♀️,女警卫：中等肤色
💂🏽‍♂,男卫兵: 中等肤色
💂🏽‍♂️,男警卫：中等肤色
💂🏾,卫兵: 中等-深肤色
💂🏾‍♀,女卫兵: 中等-深肤色
💂🏾‍♀️,女警卫：中深肤色
💂🏾‍♂,男卫兵: 中等-深肤色
💂🏾‍♂️,男警卫：中深肤色
💂🏿,卫兵: 较深肤色
💂🏿‍♀,女卫兵: 较深肤色
💂🏿‍♀️,女警卫：深肤色
💂🏿‍♂,男卫兵: 较深肤色
💂🏿‍♂️,男警卫：深肤色
🕵,侦探
🕵‍♀,女侦探
🕵‍♀️,女侦探
🕵‍♂,男侦探
🕵‍♂️,男侦探
🕵️‍♀,女侦探
🕵️‍♀️,女侦探
🕵️‍♂,男侦探
🕵️‍♂️,男侦探
🕵🏻,侦探: 较浅肤色
🕵🏻‍♀,女侦探: 较浅肤色
🕵🏻‍♀️,女侦探：浅肤色
🕵🏻‍♂,男侦探: 较浅肤色
🕵🏻‍♂️,男侦探：浅肤色
🕵🏼,侦探: 中等-浅肤色
🕵🏼‍♀,女侦探: 中等-浅肤色
🕵🏼‍♀️,女侦探：中浅肤色
🕵🏼‍♂,男侦探: 中等-浅肤色
🕵🏼‍♂️,男侦探：中浅肤色
🕵🏽,侦探: 中等肤色
🕵🏽‍♀,女侦探: 中等肤色
🕵🏽‍♀️,女侦探：中等肤色
🕵🏽‍♂,男侦探: 中等肤色
🕵🏽‍♂️,男侦探：中等肤色
🕵🏾,侦探: 中等-深肤色
🕵🏾‍♀,女侦探: 中等-深肤色
🕵🏾‍♀️,女侦探：中深肤色
🕵🏾‍♂,男侦探: 中等-深肤色
🕵🏾‍♂️,男侦探：中深肤色
🕵🏿,侦探: 较深肤色
🕵🏿‍♀,女侦探: 较深肤色
🕵🏿‍♀️,女侦探：深肤色
🕵🏿‍♂,男侦探: 较深肤色
🕵🏿‍♂️,男侦探：深肤色
🤰,孕妇
🤰🏻,孕妇: 较浅肤色
🤰🏼,孕妇: 中等-浅肤色
🤰🏽,孕妇: 中等肤色
🤰🏾,孕妇: 中等-深肤色
🤰🏿,孕妇: 较深肤色
🤱,母乳喂养
🤱🏻,母乳喂养: 较浅肤色
🤱🏼,母乳喂养: 中等-浅肤色
🤱🏽,母乳喂养: 中等肤色
🤱🏾,母乳喂养: 中等-深肤色
🤱🏿,母乳喂养: 较深肤色
🤴,王子
🤴🏻,王子: 较浅肤色
🤴🏼,王子: 中等-浅肤色
🤴🏽,王子: 中等肤色
🤴🏾,王子: 中等-深肤色
🤴🏿,王子: 较深肤色
🤵,穿燕尾服的人
🤵‍♀,穿礼服的女人
🤵‍♀️,穿礼服的女人
🤵‍♂,穿礼服的男人
🤵‍♂️,穿礼服的男人
🤵🏻,穿燕尾服的人: 较浅肤色
🤵🏻‍♀,穿礼服的女人: 较浅肤色
🤵🏻‍♀️,穿礼服的女人: 较浅肤色
🤵🏻‍♂,穿礼服的男人: 较浅肤色
🤵🏻‍♂️,穿礼服的男人: 较浅肤色
🤵🏼,穿燕尾服的人: 中等-浅肤色
🤵🏼‍♀,穿礼服的女人: 中等-浅肤色
🤵🏼‍♀️,穿礼服的女人: 中等-浅肤色
🤵🏼‍♂,穿礼服的男人: 中等-浅肤色
🤵🏼‍♂️,穿礼服的男人: 中等-浅肤色
🤵🏽,穿燕尾服的人: 中等肤色
🤵🏽‍♀,穿礼服的女人: 中等肤色
🤵🏽‍♀️,穿礼服的女人: 中等肤色
🤵🏽‍♂,穿礼服的男人: 中等肤色
🤵🏽‍♂️,穿礼服的男人: 中等肤色
🤵🏾,穿燕尾服的人: 中等-深肤色
🤵🏾‍♀,穿礼服的女人: 中等-深肤色
🤵🏾‍♀️,穿礼服的女人: 中等-深肤色
🤵🏾‍♂,穿礼服的男人: 中等-深肤色
🤵🏾‍♂️,穿礼服的男人: 中等-深肤色
🤵🏿,穿燕尾服的人: 较深肤色
🤵🏿‍♀,穿礼服的女人: 较深肤色
🤵🏿‍♀️,穿礼服的女人: 较深肤色
🤵🏿‍♂,穿礼服的男人: 较深肤色
🤵🏿‍♂️,穿礼服的男人: 较深肤色
🥷,忍者
🥷🏻,忍者: 较浅肤色
🥷🏼,忍者: 中等-浅肤色
🥷🏽,忍者: 中等肤色
🥷🏾,忍者: 中等-深肤色
🥷🏿,忍者: 较深肤色
🧑‍⚕,卫生工作者
🧑‍⚕️,卫生工作者
🧑‍⚖,法官
🧑‍⚖️,法官
🧑‍✈,飞行员
🧑‍✈️,飞行员
🧑‍🌾,农民
🧑‍🍳,厨师
🧑‍🍼,哺乳的人
🧑‍🎓,学生
🧑‍🎤,歌手
🧑‍🎨,艺术家
🧑‍🏫,老师
🧑‍🏭,工人
🧑‍💻,程序员
🧑‍💼,白领
🧑‍🔧,技工
🧑‍🔬,科学家
🧑‍🚀,宇航员
🧑‍🚒,消防员
🧑🏻‍⚕,卫生工作者: 较浅肤色
🧑🏻‍⚕️,卫生工作者: 较浅肤色
🧑🏻‍⚖,法官: 较浅肤色
🧑🏻‍⚖️,法官: 较浅肤色
🧑🏻‍✈,飞行员: 较浅肤色
🧑🏻‍✈️,飞行员: 较浅肤色
🧑🏻‍🌾,农民: 较浅肤色
🧑🏻‍🍳,厨师: 较浅肤色
🧑🏻‍🍼,哺乳的人: 较浅肤色
🧑🏻‍🎓,学生: 较浅肤色
🧑🏻‍🎤,歌手: 较浅肤色
🧑🏻‍🎨,艺术家: 较浅肤色
🧑🏻‍🏫,老师: 较浅肤色
🧑🏻‍🏭,工人: 较浅肤色
🧑🏻‍💻,程序员: 较浅肤色
🧑🏻‍💼,白领: 较浅肤色
🧑🏻‍🔧,技工: 较浅肤色
🧑🏻‍🔬,科学家: 较浅肤色
🧑🏻‍🚀,宇航员: 较浅肤色
🧑🏻‍🚒,消防员: 较浅肤色
🧑🏼‍⚕,卫生工作者: 中等-浅肤色
🧑🏼‍⚕️,卫生工作者: 中等-浅肤色
🧑🏼‍⚖,法官: 中等-浅肤色
🧑🏼‍⚖️,法官: 中等-浅肤色
🧑🏼‍✈,飞行员: 中等-浅肤色
🧑🏼‍✈️,飞行员: 中等-浅肤色
🧑🏼‍🌾,农民: 中等-浅肤色
🧑🏼‍🍳,厨师: 中等-浅肤色
🧑🏼‍🍼,哺乳的人: 中等-浅肤色
🧑🏼‍🎓,学生: 中等-浅肤色
🧑🏼‍🎤,歌手: 中等-浅肤色
🧑🏼‍🎨,艺术家: 中等-浅肤色
🧑🏼‍🏫,老师: 中等-浅肤色
🧑🏼‍🏭,工人: 中等-浅肤色
🧑🏼‍💻,程序员: 中等-浅肤色
🧑🏼‍💼,白领: 中等-浅肤色
🧑🏼‍🔧,技工: 中等-浅肤色
🧑🏼‍🔬,科学家: 中等-浅肤色
🧑🏼‍🚀,宇航员: 中等-浅肤色
🧑🏼‍🚒,消防员: 中等-浅肤色
🧑🏽‍⚕,卫生工作者: 中等肤色
🧑🏽‍⚕️,卫生工作者: 中等肤色
🧑🏽‍⚖,法官: 中等肤色
🧑🏽‍⚖️,法官: 中等肤色
🧑🏽‍✈,飞行员: 中等肤色
🧑🏽‍✈️,飞行员: 中等肤色
🧑🏽‍🌾,农民: 中等肤色
🧑🏽‍🍳,厨师: 中等肤色
🧑🏽‍🍼,哺乳的人: 中等肤色
🧑🏽‍🎓,学生: 中等肤色
🧑🏽‍🎤,歌手: 中等肤色
🧑🏽‍🎨,艺术家: 中等肤色
🧑🏽‍🏫,老师: 中等肤色
🧑🏽‍🏭,工人: 中等肤色
🧑🏽‍💻,程序员: 中等肤色
🧑🏽‍💼,白领: 中等肤色
🧑🏽‍🔧,技工: 中等肤色
🧑🏽‍🔬,科学家: 中等肤色
🧑🏽‍🚀,宇航员: 中等肤色
🧑🏽‍🚒,消防员: 中等肤色
🧑🏾‍⚕,卫生工作者: 中等-深肤色
🧑🏾‍⚕️,卫生工作者: 中等-深肤色
🧑🏾‍⚖,法官: 中等-深肤色
🧑🏾‍⚖️,法官: 中等-深肤色
🧑🏾‍✈,飞行员: 中等-深肤色
🧑🏾‍✈️,飞行员: 中等-深肤色
🧑🏾‍🌾,农民: 中等-深肤色
🧑🏾‍🍳,厨师: 中等-深肤色
🧑🏾‍🍼,哺乳的人: 中等-深肤色
🧑🏾‍🎓,学生: 中等-深肤色
🧑🏾‍🎤,歌手: 中等-深肤色
🧑🏾‍🎨,艺术家: 中等-深肤色
🧑🏾‍🏫,老师: 中等-深肤色
🧑🏾‍🏭,工人: 中等-深肤色
🧑🏾‍💻,程序员: 中等-深肤色
🧑🏾‍💼,白领: 中等-深肤色
🧑🏾‍🔧,技工: 中等-深肤色
🧑🏾‍🔬,科学家: 中等-深肤色
🧑🏾‍🚀,宇航员: 中等-深肤色
🧑🏾‍🚒,消防员: 中等-深肤色
🧑🏿‍⚕,卫生工作者: 较深肤色
🧑🏿‍⚕️,卫生工作者: 较深肤色
🧑🏿‍⚖,法官: 较深肤色
🧑🏿‍⚖️,法官: 较深肤色
🧑🏿‍✈,飞行员: 较深肤色
🧑🏿‍✈️,飞行员: 较深肤色
🧑🏿‍🌾,农民: 较深肤色
🧑🏿‍🍳,厨师: 较深肤色
🧑🏿‍🍼,哺乳的人: 较深肤色
🧑🏿‍🎓,学生: 较深肤色
🧑🏿‍🎤,歌手: 较深肤色
🧑🏿‍🎨,艺术家: 较深肤色
🧑🏿‍🏫,老师: 较深肤色
🧑🏿‍🏭,工人: 较深肤色
🧑🏿‍💻,程序员: 较深肤色
🧑🏿‍💼,白领: 较深肤色
🧑🏿‍🔧,技工: 较深肤色
🧑🏿‍🔬,科学家: 较深肤色
🧑🏿‍🚀,宇航员: 较深肤色
🧑🏿‍🚒,消防员: 较深肤色
🧕,带头饰的女人
🧕🏻,带头饰的女人: 较浅肤色
🧕🏼,带头饰的女人: 中等-浅肤色
🧕🏽,带头饰的女人: 中等肤色
🧕🏾,带头饰的女人: 中等-深肤色
🧕🏿,带头饰的女人: 较深肤色
🫃,怀孕的男人
🫃🏻,怀孕的男人: 较浅肤色
🫃🏼,怀孕的男人: 中等-浅肤色
🫃🏽,怀孕的男人: 中等肤色
🫃🏾,怀孕的男人: 中等-深肤色
🫃🏿,怀孕的男人: 较深肤色
🫄,怀孕的人
🫄🏻,怀孕的人: 较浅肤色
🫄🏼,怀孕的人: 中等-浅肤色
🫄🏽,怀孕的人: 中等肤色
🫄🏾,怀孕的人: 中等-深肤色
🫄🏿,怀孕的人: 较深肤色
🫅,戴王冠的人
🫅🏻,戴王冠的人: 较浅肤色
🫅🏼,戴王冠的人: 中等-浅肤色
🫅🏽,戴王冠的人: 中等肤色
🫅🏾,戴王冠的人: 中等-深肤色
🫅🏿,戴王冠的人: 较深肤色
🎅,圣诞老人
🎅🏻,圣诞老人: 较浅肤色
🎅🏼,圣诞老人: 中等-浅肤色
🎅🏽,圣诞老人: 中等肤色
🎅🏾,圣诞老人: 中等-深肤色
🎅🏿,圣诞老人: 较深肤色
👼,小天使
👼🏻,小天使: 较浅肤色
👼🏼,小天使: 中等-浅肤色
👼🏽,小天使: 中等肤色
👼🏾,小天使: 中等-深肤色
👼🏿,小天使: 较深肤色
🤶,圣诞奶奶
🤶🏻,圣诞奶奶: 较浅肤色
🤶🏼,圣诞奶奶: 中等-浅肤色
🤶🏽,圣诞奶奶: 中等肤色
🤶🏾,圣诞奶奶: 中等-深肤色
🤶🏿,圣诞奶奶: 较深肤色
🦸,超级英雄
🦸‍♀,女超级英雄
🦸‍♀️,女超级英雄
🦸‍♂,男超级英雄
🦸‍♂️,男超级英雄
🦸🏻,超级英雄: 较浅肤色
🦸🏻‍♀,女超级英雄: 较浅肤色
🦸🏻‍♀️,女超级英雄：浅肤色
🦸🏻‍♂,男超级英雄: 较浅肤色
🦸🏻‍♂️,男超级英雄：浅肤色
🦸🏼,超级英雄: 中等-浅肤色
🦸🏼‍♀,女超级英雄: 中等-浅肤色
🦸🏼‍♀️,女超级英雄：中浅肤色
🦸🏼‍♂,男超级英雄: 中等-浅肤色
🦸🏼‍♂️,男超级英雄：中浅肤色
🦸🏽,超级英雄: 中等肤色
🦸🏽‍♀,女超级英雄: 中等肤色
🦸🏽‍♀️,女超级英雄：中等肤色
🦸🏽‍♂,男超级英雄: 中等肤色
🦸🏽‍♂️,男超级英雄：中等肤色
🦸🏾,超级英雄: 中等-深肤色
🦸🏾‍♀,女超级英雄: 中等-深肤色
🦸🏾‍♀️,女超级英雄：中深肤色
🦸🏾‍♂,男超级英雄: 中等-深肤色
🦸🏾‍♂️,男超级英雄：中深肤色
🦸🏿,超级英雄: 较深肤色
🦸🏿‍♀,女超级英雄: 较深肤色
🦸🏿‍♀️,女超级英雄：深肤色
🦸🏿‍♂,男超级英雄: 较深肤色
🦸🏿‍♂️,男超级英雄：深肤色
🦹,超级大坏蛋
🦹‍♀,女超级大坏蛋
🦹‍♀️,女超级反派
🦹‍♂,男超级大坏蛋
🦹‍♂️,男超级反派
🦹🏻,超级大坏蛋: 较浅肤色
🦹🏻‍♀,女超级大坏蛋: 较浅肤色
🦹🏻‍♀️,女超级反派：浅肤色
🦹🏻‍♂,男超级大坏蛋: 较浅肤色
🦹🏻‍♂️,男超级反派：浅肤色
🦹🏼,超级大坏蛋: 中等-浅肤色
🦹🏼‍♀,女超级大坏蛋: 中等-浅肤色
🦹🏼‍♀️,女超级反派：中浅肤色
🦹🏼‍♂,男超级大坏蛋: 中等-浅肤色
🦹🏼‍♂️,男超级反派：中浅肤色
🦹🏽,超级大坏蛋: 中等肤色
🦹🏽‍♀,女超级大坏蛋: 中等肤色
🦹🏽‍♀️,女超级反派：中等肤色
🦹🏽‍♂,男超级大坏蛋: 中等肤色
🦹🏽‍♂️,男超级反派：中等肤色
🦹🏾,超级大坏蛋: 中等-深肤色
🦹🏾‍♀,女超级大坏蛋: 中等-深肤色
🦹🏾‍♀️,女超级反派：中深肤色
🦹🏾‍♂,男超级大坏蛋: 中等-深肤色
🦹🏾‍♂️,男超级反派：中深肤色
🦹🏿,超级大坏蛋: 较深肤色
🦹🏿‍♀,女超级大坏蛋: 较深肤色
🦹🏿‍♀️,女超级反派：深肤色
🦹🏿‍♂,男超级大坏蛋: 较深肤色
🦹🏿‍♂️,男超级反派：深肤色
🧌,穴居巨怪
🧑‍🎄,圣诞人
🧑🏻‍🎄,圣诞人: 较浅肤色
🧑🏼‍🎄,圣诞人: 中等-浅肤色
🧑🏽‍🎄,圣诞人: 中等肤色
🧑🏾‍🎄,圣诞人: 中等-深肤色
🧑🏿‍🎄,圣诞人: 较深肤色
🧙,法师
🧙‍♀,女法师
🧙‍♀️,女法师
🧙‍♂,男法师
🧙‍♂️,男法师
🧙🏻,法师: 较浅肤色
🧙🏻‍♀,女法师: 较浅肤色
🧙🏻‍♀️,女法师：浅肤色
🧙🏻‍♂,男法师: 较浅肤色
🧙🏻‍♂️,男法师：浅肤色
🧙🏼,法师: 中等-浅肤色
🧙🏼‍♀,女法师: 中等-浅肤色
🧙🏼‍♀️,女法师：中浅肤色
🧙🏼‍♂,男法师: 中等-浅肤色
🧙🏼‍♂️,男法师：中浅肤色
🧙🏽,法师: 中等肤色
🧙🏽‍♀,女法师: 中等肤色
🧙🏽‍♀️,女法师：中等肤色
🧙🏽‍♂,男法师: 中等肤色
🧙🏽‍♂️,男法师：中等肤色
🧙🏾,法师: 中等-深肤色
🧙🏾‍♀,女法师: 中等-深肤色
🧙🏾‍♀️,女法师：中深肤色
🧙🏾‍♂,男法师: 中等-深肤色
🧙🏾‍♂️,男法师：中深肤色
🧙🏿,法师: 较深肤色
🧙🏿‍♀,女法师: 较深肤色
🧙🏿‍♀️,女法师：深肤色
🧙🏿‍♂,男法师: 较深肤色
🧙🏿‍♂️,男法师：深肤色
🧚,精灵
🧚‍♀,仙女
🧚‍♀️,女仙子
🧚‍♂,仙人
🧚‍♂️,男仙子
🧚🏻,精灵: 较浅肤色
🧚🏻‍♀,仙女: 较浅肤色
🧚🏻‍♀️,女仙子：浅肤色
🧚🏻‍♂,仙人: 较浅肤色
🧚🏻‍♂️,男仙子：浅肤色
🧚🏼,精灵: 中等-浅肤色
🧚🏼‍♀,仙女: 中等-浅肤色
🧚🏼‍♀️,女仙子：中浅肤色
🧚🏼‍♂,仙人: 中等-浅肤色
🧚🏼‍♂️,男仙子：中浅肤色
🧚🏽,精灵: 中等肤色
🧚🏽‍♀,仙女: 中等肤色
🧚🏽‍♀️,女仙子：中等肤色
🧚🏽‍♂,仙人: 中等肤色
🧚🏽‍♂️,男仙子：中等肤色
🧚🏾,精灵: 中等-深肤色
🧚🏾‍♀,仙女: 中等-深肤色
🧚🏾‍♀️,女仙子：中深肤色
🧚🏾‍♂,仙人: 中等-深肤色
🧚🏾‍♂️,男仙子：中深肤色
🧚🏿,精灵: 较深肤色
🧚🏿‍♀,仙女: 较深肤色
🧚🏿‍♀️,女仙子：深肤色
🧚🏿‍♂,仙人: 较深肤色
🧚🏿‍♂️,男仙子：深肤色
🧛,吸血鬼
🧛‍♀,女吸血鬼
🧛‍♀️,女吸血鬼
🧛‍♂,男吸血鬼
🧛‍♂️,男吸血鬼
🧛🏻,吸血鬼: 较浅肤色
🧛🏻‍♀,女吸血鬼: 较浅肤色
🧛🏻‍♀️,女吸血鬼：浅肤色
🧛🏻‍♂,男吸血鬼: 较浅肤色
🧛🏻‍♂️,男吸血鬼：浅肤色
🧛🏼,吸血鬼: 中等-浅肤色
🧛🏼‍♀,女吸血鬼: 中等-浅肤色
🧛🏼‍♀️,女吸血鬼：中浅肤色
🧛🏼‍♂,男吸血鬼: 中等-浅肤色
🧛🏼‍♂️,男吸血鬼：中浅肤色
🧛🏽,吸血鬼: 中等肤色
🧛🏽‍♀,女吸血鬼: 中等肤色
🧛🏽‍♀️,女吸血鬼：中等肤色
🧛🏽‍♂,男吸血鬼: 中等肤色
🧛🏽‍♂️,男吸血鬼：中等肤色
🧛🏾,吸血鬼: 中等-深肤色
🧛🏾‍♀,女吸血鬼: 中等-深肤色
🧛🏾‍♀️,女吸血鬼：中深肤色
🧛🏾‍♂,男吸血鬼: 中等-深肤色
🧛🏾‍♂️,男吸血鬼：中深肤色
🧛🏿,吸血鬼: 较深肤色
🧛🏿‍♀,女吸血鬼: 较深肤色
🧛🏿‍♀️,女吸血鬼：深肤色
🧛🏿‍♂,男吸血鬼: 较深肤色
🧛🏿‍♂️,男吸血鬼：深肤色
🧜,人鱼
🧜‍♀,美人鱼
🧜‍♀️,美人鱼
🧜‍♂,男人鱼
🧜‍♂️,男人鱼
🧜🏻,人鱼: 较浅肤色
🧜🏻‍♀,美人鱼: 较浅肤色
🧜🏻‍♀️,美人鱼：浅肤色
🧜🏻‍♂,男人鱼: 较浅肤色
🧜🏻‍♂️,男人鱼：浅肤色
🧜🏼,人鱼: 中等-浅肤色
🧜🏼‍♀,美人鱼: 中等-浅肤色
🧜🏼‍♀️,美人鱼：中浅肤色
🧜🏼‍♂,男人鱼: 中等-浅肤色
🧜🏼‍♂️,男人鱼：中浅肤色
🧜🏽,人鱼: 中等肤色
🧜🏽‍♀,美人鱼: 中等肤色
🧜🏽‍♀️,美人鱼：中等肤色
🧜🏽‍♂,男人鱼: 中等肤色
🧜🏽‍♂️,男人鱼：中等肤色
🧜🏾,人鱼: 中等-深肤色
🧜🏾‍♀,美人鱼: 中等-深肤色
🧜🏾‍♀️,美人鱼：中深肤色
🧜🏾‍♂,男人鱼: 中等-深肤色
🧜🏾‍♂️,男人鱼：中深肤色
🧜🏿,人鱼: 较深肤色
🧜🏿‍♀,美人鱼: 较深肤色
🧜🏿‍♀️,美人鱼：深肤色
🧜🏿‍♂,男人鱼: 较深肤色
🧜🏿‍♂️,男人鱼：深肤色
🧝,小精灵
🧝‍♀,女小精灵
🧝‍♀️,女精灵
🧝‍♂,男小精灵
🧝‍♂️,男精灵
🧝🏻,小精灵: 较浅肤色
🧝🏻‍♀,女小精灵: 较浅肤色
🧝🏻‍♀️,女精灵：浅肤色
🧝🏻‍♂,男小精灵: 较浅肤色
🧝🏻‍♂️,男精灵：浅肤色
🧝🏼,小精灵: 中等-浅肤色
🧝🏼‍♀,女小精灵: 中等-浅肤色
🧝🏼‍♀️,女精灵：中浅肤色
🧝🏼‍♂,男小精灵: 中等-浅肤色
🧝🏼‍♂️,男精灵：中浅肤色
🧝🏽,小精灵: 中等肤色
🧝🏽‍♀,女小精灵: 中等肤色
🧝🏽‍♀️,女精灵：中等肤色
🧝🏽‍♂,男小精灵: 中等肤色
🧝🏽‍♂️,男精灵：中等肤色
🧝🏾,小精灵: 中等-深肤色
🧝🏾‍♀,女小精灵: 中等-深肤色
🧝🏾‍♀️,女精灵：中深肤色
🧝🏾‍♂,男小精灵: 中等-深肤色
🧝🏾‍♂️,男精灵：中深肤色
🧝🏿,小精灵: 较深肤色
🧝🏿‍♀,女小精灵: 较深肤色
🧝🏿‍♀️,女精灵：深肤色
🧝🏿‍♂,男小精灵: 较深肤色
🧝🏿‍♂️,男精灵：深肤色
🧞,妖怪
🧞‍♀,女妖怪
🧞‍♀️,女人精灵
🧞‍♂,男妖怪
🧞‍♂️,男人精灵
🧟,僵尸
🧟‍♀,女僵尸
🧟‍♀️,女人僵尸
🧟‍♂,男僵尸
🧟‍♂️,男人僵尸
🏃,跑步者
🏃‍♀,女生跑步
🏃‍♀️,跑步的女人
🏃‍♂,男生跑步
🏃‍♂️,跑步的男人
🏃🏻,跑步者: 较浅肤色
🏃🏻‍♀,女生跑步: 较浅肤色
🏃🏻‍♀️,跑步的女人：浅肤色
🏃🏻‍♂,男生跑步: 较浅肤色
🏃🏻‍♂️,跑步的男人：浅肤色
🏃🏼,跑步者: 中等-浅肤色
🏃🏼‍♀,女生跑步: 中等-浅肤色
🏃🏼‍♀️,跑步的女人：中浅肤色
🏃🏼‍♂,男生跑步: 中等-浅肤色
🏃🏼‍♂️,跑步的男人：中浅肤色
🏃🏽,跑步者: 中等肤色
🏃🏽‍♀,女生跑步: 中等肤色
🏃🏽‍♀️,跑步的女人：中等肤色
🏃🏽‍♂,男生跑步: 中等肤色
🏃🏽‍♂️,跑步的男人：中等肤色
🏃🏾,跑步者: 中等-深肤色
🏃🏾‍♀,女生跑步: 中等-深肤色
🏃🏾‍♀️,跑步的女人：中深肤色
🏃🏾‍♂,男生跑步: 中等-深肤色
🏃🏾‍♂️,跑步的男人：中深肤色
🏃🏿,跑步者: 较深肤色
🏃🏿‍♀,女生跑步: 较深肤色
🏃🏿‍♀️,跑步的女人：深肤色
🏃🏿‍♂,男生跑步: 较深肤色
🏃🏿‍♂️,跑步的男人：深肤色
👨‍🦯,拄盲杖的男人
👨‍🦼,残疾
👨‍🦽,残疾
👨🏻‍🦯,拄盲杖的男人: 较浅肤色
👨🏻‍🦼,残疾
👨🏻‍🦽,残疾
👨🏼‍🦯,拄盲杖的男人: 中等-浅肤色
👨🏼‍🦼,残疾
👨🏼‍🦽,残疾
👨🏽‍🦯,拄盲杖的男人: 中等肤色
👨🏽‍🦼,残疾
👨🏽‍🦽,残疾
👨🏾‍🦯,拄盲杖的男人: 中等-深肤色
👨🏾‍🦼,残疾
👨🏾‍🦽,残疾
👨🏿‍🦯,拄盲杖的男人: 较深肤色
👨🏿‍🦼,残疾
👨🏿‍🦽,残疾
👩‍🦯,拄盲杖的女人
👩‍🦼,残疾
👩‍🦽,残疾
👩🏻‍🦯,拄盲杖的女人: 较浅肤色
👩🏻‍🦼,残疾
👩🏻‍🦽,残疾
👩🏼‍🦯,拄盲杖的女人: 中等-浅肤色
👩🏼‍🦼,残疾
👩🏼‍🦽,残疾
👩🏽‍🦯,拄盲杖的女人: 中等肤色
👩🏽‍🦼,残疾
👩🏽‍🦽,残疾
👩🏾‍🦯,拄盲杖的女人: 中等-深肤色
👩🏾‍🦼,残疾
👩🏾‍🦽,残疾
👩🏿‍🦯,拄盲杖的女人: 较深肤色
👩🏿‍🦼,残疾
👩🏿‍🦽,残疾
👯,戴兔耳朵的人
👯‍♀,兔女郎
👯‍♀️,戴兔子耳朵的女人们
👯‍♂,兔先生
👯‍♂️,戴兔子耳朵的男人们
💃,跳舞的女人
💃🏻,跳舞的女人: 较浅肤色
💃🏼,跳舞的女人: 中等-浅肤色
💃🏽,跳舞的女人: 中等肤色
💃🏾,跳舞的女人: 中等-深肤色
💃🏿,跳舞的女人: 较深肤色
💆,按摩
💆‍♀,女生按摩
💆‍♀️,女人接受按摩
💆‍♂,男生按摩
💆‍♂️,男人接受按摩
💆🏻,按摩: 较浅肤色
💆🏻‍♀,女生按摩: 较浅肤色
💆🏻‍♀️,女人接受按摩：浅肤色
💆🏻‍♂,男生按摩: 较浅肤色
💆🏻‍♂️,男人接受按摩：浅肤色
💆🏼,按摩: 中等-浅肤色
💆🏼‍♀,女生按摩: 中等-浅肤色
💆🏼‍♀️,女人接受按摩：中浅肤色
💆🏼‍♂,男生按摩: 中等-浅肤色
💆🏼‍♂️,男人接受按摩：中浅肤色
💆🏽,按摩: 中等肤色
💆🏽‍♀,女生按摩: 中等肤色
💆🏽‍♀️,女人接受按摩：中等肤色
💆🏽‍♂,男生按摩: 中等肤色
💆🏽‍♂️,男人接受按摩：中等肤色
💆🏾,按摩: 中等-深肤色
💆🏾‍♀,女生按摩: 中等-深肤色
💆🏾‍♀️,女人接受按摩：中深肤色
💆🏾‍♂,男生按摩: 中等-深肤色
💆🏾‍♂️,男人接受按摩：中深肤色
💆🏿,按摩: 较深肤色
💆🏿‍♀,女生按摩: 较深肤色
💆🏿‍♀️,女人接受按摩：深肤色
💆🏿‍♂,男生按摩: 较深肤色
💆🏿‍♂️,男人接受按摩：深肤色
💇,理发
💇‍♀,女生理发
💇‍♀️,女人理发
💇‍♂,男生理发
💇‍♂️,男人理发
💇🏻,理发: 较浅肤色
💇🏻‍♀,女生理发: 较浅肤色
💇🏻‍♀️,女人理发：浅肤色
💇🏻‍♂,男生理发: 较浅肤色
💇🏻‍♂️,男士理发：浅肤色
💇🏼,理发: 中等-浅肤色
💇🏼‍♀,女生理发: 中等-浅肤色
💇🏼‍♀️,女人理发：中浅肤色
💇🏼‍♂,男生理发: 中等-浅肤色
💇🏼‍♂️,男士理发：中浅肤色
💇🏽,理发: 中等肤色
💇🏽‍♀,女生理发: 中等肤色
💇🏽‍♀️,女人理发：中等肤色
💇🏽‍♂,男生理发: 中等肤色
💇🏽‍♂️,男士理发：中等肤色
💇🏾,理发: 中等-深肤色
💇🏾‍♀,女生理发: 中等-深肤色
💇🏾‍♀️,女人理发：中深肤色
💇🏾‍♂,男生理发: 中等-深肤色
💇🏾‍♂️,男士理发：中深肤色
💇🏿,理发: 较深肤色
💇🏿‍♀,女生理发: 较深肤色
💇🏿‍♀️,女人理发：深肤色
💇🏿‍♂,男生理发: 较深肤色
💇🏿‍♂️,男士理发：深肤色
🕴,西装革履的人
🕴🏻,西装革履的人: 较浅肤色
🕴🏼,西装革履的人: 中等-浅肤色
🕴🏽,西装革履的人: 中等肤色
🕴🏾,西装革履的人: 中等-深肤色
🕴🏿,西装革履的人: 较深肤色
🕺,跳舞的男人
🕺🏻,跳舞的男人: 较浅肤色
🕺🏼,跳舞的男人: 中等-浅肤色
🕺🏽,跳舞的男人: 中等肤色
🕺🏾,跳舞的男人: 中等-深肤色
🕺🏿,跳舞的男人: 较深肤色
🚶,行人
🚶‍♀,女行人
🚶‍♀️,女人走路
🚶‍♂,男行人
🚶‍♂️,男人走路
🚶🏻,行人: 较浅肤色
🚶🏻‍♀,女行人: 较浅肤色
🚶🏻‍♀️,女人走路：浅肤色
🚶🏻‍♂,男行人: 较浅肤色
🚶🏻‍♂️,男人走路：浅肤色
🚶🏼,行人: 中等-浅肤色
🚶🏼‍♀,女行人: 中等-浅肤色
🚶🏼‍♀️,女人走路：中浅肤色
🚶🏼‍♂,男行人: 中等-浅肤色
🚶🏼‍♂️,男子走路：中浅肤色
🚶🏽,行人: 中等肤色
🚶🏽‍♀,女行人: 中等肤色
🚶🏽‍♀️,女人走路：中等肤色
🚶🏽‍♂,男行人: 中等肤色
🚶🏽‍♂️,男子走路：中等肤色
🚶🏾,行人: 中等-深肤色
🚶🏾‍♀,女行人: 中等-深肤色
🚶🏾‍♀️,女人走路：中深肤色
🚶🏾‍♂,男行人: 中等-深肤色
🚶🏾‍♂️,男子走路：中深肤色
🚶🏿,行人: 较深肤色
🚶🏿‍♀,女行人: 较深肤色
🚶🏿‍♀️,女人走路：深肤色
🚶🏿‍♂,男行人: 较深肤色
🚶🏿‍♂️,男子走路：深肤色
🧍,站立者
🧍‍♀,站立的女人
🧍‍♀️,女人站立
🧍‍♂,站立的男人
🧍‍♂️,男人站立
🧍🏻,站立者: 较浅肤色
🧍🏻‍♀,站立的女人: 较浅肤色
🧍🏻‍♀️,女人站立：浅肤色
🧍🏻‍♂,站立的男人: 较浅肤色
🧍🏻‍♂️,男人站立：浅肤色
🧍🏼,站立者: 中等-浅肤色
🧍🏼‍♀,站立的女人: 中等-浅肤色
🧍🏼‍♀️,女人站立：中浅肤色
🧍🏼‍♂,站立的男人: 中等-浅肤色
🧍🏼‍♂️,男人站立：中浅肤色
🧍🏽,站立者: 中等肤色
🧍🏽‍♀,站立的女人: 中等肤色
🧍🏽‍♀️,女人站立：中等肤色
🧍🏽‍♂,站立的男人: 中等肤色
🧍🏽‍♂️,男人站立：中等肤色
🧍🏾,站立者: 中等-深肤色
🧍🏾‍♀,站立的女人: 中等-深肤色
🧍🏾‍♀️,女人站立：中深肤色
🧍🏾‍♂,站立的男人: 中等-深肤色
🧍🏾‍♂️,男人站立：中深肤色
🧍🏿,站立者: 较深肤色
🧍🏿‍♀,站立的女人: 较深肤色
🧍🏿‍♀️,女人站立：深肤色
🧍🏿‍♂,站立的男人: 较深肤色
🧍🏿‍♂️,男人站立：深肤色
🧎,下跪者
🧎‍♀,跪下的女人
🧎‍♀️,女人跪着
🧎‍♂,跪下的男人
🧎‍♂️,男人跪着
🧎🏻,下跪者: 较浅肤色
🧎🏻‍♀,跪下的女人: 较浅肤色
🧎🏻‍♀️,女人跪着：浅肤色
🧎🏻‍♂,跪下的男人: 较浅肤色
🧎🏻‍♂️,男人跪着：浅肤色
🧎🏼,下跪者: 中等-浅肤色
🧎🏼‍♀,跪下的女人: 中等-浅肤色
🧎🏼‍♀️,女人跪着：中浅肤色
🧎🏼‍♂,跪下的男人: 中等-浅肤色
🧎🏼‍♂️,男子跪着：中浅肤色
🧎🏽,下跪者: 中等肤色
🧎🏽‍♀,跪下的女人: 中等肤色
🧎🏽‍♀️,女人跪着：中等肤色
🧎🏽‍♂,跪下的男人: 中等肤色
🧎🏽‍♂️,男人跪着：中等肤色
🧎🏾,下跪者: 中等-深肤色
🧎🏾‍♀,跪下的女人: 中等-深肤色
🧎🏾‍♀️,女人跪着：中深肤色
🧎🏾‍♂,跪下的男人: 中等-深肤色
🧎🏾‍♂️,男子跪着：中深肤色
🧎🏿,下跪者: 较深肤色
🧎🏿‍♀,跪下的女人: 较深肤色
🧎🏿‍♀️,女人跪着：深肤色
🧎🏿‍♂,跪下的男人: 较深肤色
🧎🏿‍♂️,男子跪着：深肤色
🧑‍🦯,拄盲杖的人
🧑‍🦼,残疾
🧑‍🦽,残疾
🧑🏻‍🦯,拄盲杖的人: 较浅肤色
🧑🏻‍🦼,残疾
🧑🏻‍🦽,残疾
🧑🏼‍🦯,拄盲杖的人: 中等-浅肤色
🧑🏼‍🦼,残疾
🧑🏼‍🦽,残疾
🧑🏽‍🦯,拄盲杖的人: 中等肤色
🧑🏽‍🦼,残疾
🧑🏽‍🦽,残疾
🧑🏾‍🦯,拄盲杖的人: 中等-深肤色
🧑🏾‍🦼,残疾
🧑🏾‍🦽,残疾
🧑🏿‍🦯,拄盲杖的人: 较深肤色
🧑🏿‍🦼,残疾
🧑🏿‍🦽,残疾
🧖,蒸房里的人
🧖‍♀,蒸房里的女人
🧖‍♀️,蒸汽房间里的女人
🧖‍♂,蒸房里的男人
🧖‍♂️,蒸汽房间里的男人
🧖🏻,蒸房里的人: 较浅肤色
🧖🏻‍♀,蒸房里的女人: 较浅肤色
🧖🏻‍♀️,蒸汽房间里的女人：浅肤色
🧖🏻‍♂,蒸房里的男人: 较浅肤色
🧖🏻‍♂️,蒸汽房间里的男人：浅肤色
🧖🏼,蒸房里的人: 中等-浅肤色
🧖🏼‍♀,蒸房里的女人: 中等-浅肤色
🧖🏼‍♀️,蒸汽房间里的女人：中浅肤色
🧖🏼‍♂,蒸房里的男人: 中等-浅肤色
🧖🏼‍♂️,蒸汽房间里的男人：中浅肤色
🧖🏽,蒸房里的人: 中等肤色
🧖🏽‍♀,蒸房里的女人: 中等肤色
🧖🏽‍♀️,蒸汽房间里的女人：中等肤色
🧖🏽‍♂,蒸房里的男人: 中等肤色
🧖🏽‍♂️,蒸汽房间里的男人：中等肤色
🧖🏾,蒸房里的人: 中等-深肤色
🧖🏾‍♀,蒸房里的女人: 中等-深肤色
🧖🏾‍♀️,蒸汽房间里的女人：中深肤色
🧖🏾‍♂,蒸房里的男人: 中等-深肤色
🧖🏾‍♂️,蒸汽房间里的男人：中深肤色
🧖🏿,蒸房里的人: 较深肤色
🧖🏿‍♀,蒸房里的女人: 较深肤色
🧖🏿‍♀️,蒸汽房间里的女人：深肤色
🧖🏿‍♂,蒸房里的男人: 较深肤色
🧖🏿‍♂️,蒸汽房间里的男人：深肤色
🧗,攀爬的人
🧗‍♀,攀爬的女人
🧗‍♀️,女人攀爬
🧗‍♂,攀爬的男人
🧗‍♂️,男子攀爬
🧗🏻,攀爬的人: 较浅肤色
🧗🏻‍♀,攀爬的女人: 较浅肤色
🧗🏻‍♀️,女子攀爬：浅肤色
🧗🏻‍♂,攀爬的男人: 较浅肤色
🧗🏻‍♂️,男子攀爬：浅肤色
🧗🏼,攀爬的人: 中等-浅肤色
🧗🏼‍♀,攀爬的女人: 中等-浅肤色
🧗🏼‍♀️,女子攀爬：中浅肤色
🧗🏼‍♂,攀爬的男人: 中等-浅肤色
🧗🏼‍♂️,男子攀爬：中浅肤色
🧗🏽,攀爬的人: 中等肤色
🧗🏽‍♀,攀爬的女人: 中等肤色
🧗🏽‍♀️,女子攀爬：中等肤色
🧗🏽‍♂,攀爬的男人: 中等肤色
🧗🏽‍♂️,男子攀爬：中等肤色
🧗🏾,攀爬的人: 中等-深肤色
🧗🏾‍♀,攀爬的女人: 中等-深肤色
🧗🏾‍♀️,女子攀爬：中深肤色
🧗🏾‍♂,攀爬的男人: 中等-深肤色
🧗🏾‍♂️,男子攀爬：中深肤色
🧗🏿,攀爬的人: 较深肤色
🧗🏿‍♀,攀爬的女人: 较深肤色
🧗🏿‍♀️,女子攀爬：深肤色
🧗🏿‍♂,攀爬的男人: 较深肤色
🧗🏿‍♂️,男子攀爬：深肤色
⛷,滑雪的人
⛹,玩球
⛹‍♀,女生玩球
⛹‍♀️,女生玩球
⛹‍♂,男生玩球
⛹‍♂️,男生玩球
⛹️‍♀,拍球的女人
⛹️‍♀️,拍球的女人
⛹️‍♂,拍球的男人
⛹️‍♂️,拍球的男人
⛹🏻,玩球: 较浅肤色
⛹🏻‍♀,女生玩球: 较浅肤色
⛹🏻‍♀️,拍球的女人：浅肤色
⛹🏻‍♂,男生玩球: 较浅肤色
⛹🏻‍♂️,拍球的男人：浅肤色
⛹🏼,玩球: 中等-浅肤色
⛹🏼‍♀,女生玩球: 中等-浅肤色
⛹🏼‍♀️,拍球的女人：中浅肤色
⛹🏼‍♂,男生玩球: 中等-浅肤色
⛹🏼‍♂️,拍球的男人：中浅肤色
⛹🏽,玩球: 中等肤色
⛹🏽‍♀,女生玩球: 中等肤色
⛹🏽‍♀️,拍球的女人：中等肤色
⛹🏽‍♂,男生玩球: 中等肤色
⛹🏽‍♂️,拍球的男人：中等肤色
⛹🏾,玩球: 中等-深肤色
⛹🏾‍♀,女生玩球: 中等-深肤色
⛹🏾‍♀️,拍球的女人：中深肤色
⛹🏾‍♂,男生玩球: 中等-深肤色
⛹🏾‍♂️,拍球的男人：中深肤色
⛹🏿,玩球: 较深肤色
⛹🏿‍♀,女生玩球: 较深肤色
⛹🏿‍♀️,拍球的女人：深肤色
⛹🏿‍♂,男生玩球: 较深肤色
⛹🏿‍♂️,拍球的男人：深肤色
🏂,滑雪板
🏂🏻,滑雪板: 较浅肤色
🏂🏼,滑雪板: 中等-浅肤色
🏂🏽,滑雪板: 中等肤色
🏂🏾,滑雪板: 中等-深肤色
🏂🏿,滑雪板: 较深肤色
🏄,冲浪
🏄‍♀,女生冲浪
🏄‍♀️,冲浪的女人
🏄‍♂,男生冲浪
🏄‍♂️,冲浪的男人
🏄🏻,冲浪: 较浅肤色
🏄🏻‍♀,女生冲浪: 较浅肤色
🏄🏻‍♀️,冲浪的女人：浅肤色
🏄🏻‍♂,男生冲浪: 较浅肤色
🏄🏻‍♂️,冲浪的男人：浅肤色
🏄🏼,冲浪: 中等-浅肤色
🏄🏼‍♀,女生冲浪: 中等-浅肤色
🏄🏼‍♀️,冲浪的女人：中浅肤色
🏄🏼‍♂,男生冲浪: 中等-浅肤色
🏄🏼‍♂️,冲浪的男人：中浅肤色
🏄🏽,冲浪: 中等肤色
🏄🏽‍♀,女生冲浪: 中等肤色
🏄🏽‍♀️,冲浪的女人：中等肤色
🏄🏽‍♂,男生冲浪: 中等肤色
🏄🏽‍♂️,冲浪的男人：中等肤色
🏄🏾,冲浪: 中等-深肤色
🏄🏾‍♀,女生冲浪: 中等-深肤色
🏄🏾‍♀️,冲浪的女人：中深肤色
🏄🏾‍♂,男生冲浪: 中等-深肤色
🏄🏾‍♂️,冲浪的男人：中深肤色
🏄🏿,冲浪: 较深肤色
🏄🏿‍♀,女生冲浪: 较深肤色
🏄🏿‍♀️,冲浪的女人：深肤色
🏄🏿‍♂,男生冲浪: 较深肤色
🏄🏿‍♂️,冲浪的男人：深肤色
🏇,赛马
🏇🏻,赛马: 较浅肤色
🏇🏼,赛马: 中等-浅肤色
🏇🏽,赛马: 中等肤色
🏇🏾,赛马: 中等-深肤色
🏇🏿,赛马: 较深肤色
🏊,游泳
🏊‍♀,女生游泳
🏊‍♀️,游泳的女人
🏊‍♂,男生游泳
🏊‍♂️,游泳的男人
🏊🏻,游泳: 较浅肤色
🏊🏻‍♀,女生游泳: 较浅肤色
🏊🏻‍♀️,游泳的女人：浅肤色
🏊🏻‍♂,男生游泳: 较浅肤色
🏊🏻‍♂️,游泳的男人：浅肤色
🏊🏼,游泳: 中等-浅肤色
🏊🏼‍♀,女生游泳: 中等-浅肤色
🏊🏼‍♀️,游泳的女人：中浅肤色
🏊🏼‍♂,男生游泳: 中等-浅肤色
🏊🏼‍♂️,游泳的男人：中浅肤色
🏊🏽,游泳: 中等肤色
🏊🏽‍♀,女生游泳: 中等肤色
🏊🏽‍♀️,游泳的女人：中等肤色
🏊🏽‍♂,男生游泳: 中等肤色
🏊🏽‍♂️,游泳的男人：中等肤色
🏊🏾,游泳: 中等-深肤色
🏊🏾‍♀,女生游泳: 中等-深肤色
🏊🏾‍♀️,游泳的女人：中深肤色
🏊🏾‍♂,男生游泳: 中等-深肤色
🏊🏾‍♂️,游泳的男人：中深肤色
🏊🏿,游泳: 较深肤色
🏊🏿‍♀,女生游泳: 较深肤色
🏊🏿‍♀️,游泳的女人：深肤色
🏊🏿‍♂,男生游泳: 较深肤色
🏊🏿‍♂️,游泳的男人：深肤色
🏋,举重
🏋‍♀,女生举重
🏋‍♀️,女生举重
🏋‍♂,男生举重
🏋‍♂️,男生举重
🏋️‍♀,女子举重
🏋️‍♀️,女子举重
🏋️‍♂,男子举重
🏋️‍♂️,男子举重
🏋🏻,举重: 较浅肤色
🏋🏻‍♀,女生举重: 较浅肤色
🏋🏻‍♀️,女子举重：浅肤色
🏋🏻‍♂,男生举重: 较浅肤色
🏋🏻‍♂️,男子举重：浅肤色
🏋🏼,举重: 中等-浅肤色
🏋🏼‍♀,女生举重: 中等-浅肤色
🏋🏼‍♀️,女子举重：中浅肤色
🏋🏼‍♂,男生举重: 中等-浅肤色
🏋🏼‍♂️,男子举重：中浅肤色
🏋🏽,举重: 中等肤色
🏋🏽‍♀,女生举重: 中等肤色
🏋🏽‍♀️,女子举重：中等肤色
🏋🏽‍♂,男生举重: 中等肤色
🏋🏽‍♂️,男子举重：中等肤色
🏋🏾,举重: 中等-深肤色
🏋🏾‍♀,女生举重: 中等-深肤色
🏋🏾‍♀️,女子举重：中深肤色
🏋🏾‍♂,男生举重: 中等-深肤色
🏋🏾‍♂️,男子举重：中深肤色
🏋🏿,举重: 较深肤色
🏋🏿‍♀,女生举重: 较深肤色
🏋🏿‍♀️,女子举重：深肤色
🏋🏿‍♂,男生举重: 较深肤色
🏋🏿‍♂️,男子举重：深肤色
🏌,打高尔夫的人
🏌‍♀,女生打高尔夫
🏌‍♀️,女生打高尔夫
🏌‍♂,男生打高尔夫
🏌‍♂️,男生打高尔夫
🏌️‍♀,女子高尔夫球
🏌️‍♀️,女子高尔夫球
🏌️‍♂,男子高尔夫球
🏌️‍♂️,男子高尔夫球
🏌🏻,打高尔夫的人: 较浅肤色
🏌🏻‍♀,女生打高尔夫: 较浅肤色
🏌🏻‍♀️,女子高尔夫球：浅肤色
🏌🏻‍♂,男生打高尔夫: 较浅肤色
🏌🏻‍♂️,男子高尔夫球：浅肤色
🏌🏼,打高尔夫的人: 中等-浅肤色
🏌🏼‍♀,女生打高尔夫: 中等-浅肤色
🏌🏼‍♀️,女子高尔夫球：中浅肤色
🏌🏼‍♂,男生打高尔夫: 中等-浅肤色
🏌🏼‍♂️,男子高尔夫球：中浅肤色
🏌🏽,打高尔夫的人: 中等肤色
🏌🏽‍♀,女生打高尔夫: 中等肤色
🏌🏽‍♀️,女子高尔夫球：中等肤色
🏌🏽‍♂,男生打高尔夫: 中等肤色
🏌🏽‍♂️,男子高尔夫球：中等肤色
🏌🏾,打高尔夫的人: 中等-深肤色
🏌🏾‍♀,女生打高尔夫: 中等-深肤色
🏌🏾‍♀️,女子高尔夫球：中深肤色
🏌🏾‍♂,男生打高尔夫: 中等-深肤色
🏌🏾‍♂️,男子高尔夫球：中深肤色
🏌🏿,打高尔夫的人: 较深肤色
🏌🏿‍♀,女生打高尔夫: 较深肤色
🏌🏿‍♀️,女子高尔夫球：深肤色
🏌🏿‍♂,男生打高尔夫: 较深肤色
🏌🏿‍♂️,男子高尔夫球：深肤色
🚣,划艇
🚣‍♀,女生划船
🚣‍♀️,女子划艇
🚣‍♂,男生划船
🚣‍♂️,男子划艇
🚣🏻,划艇: 较浅肤色
🚣🏻‍♀,女生划船: 较浅肤色
🚣🏻‍♀️,女子划艇：浅肤色
🚣🏻‍♂,男生划船: 较浅肤色
🚣🏻‍♂️,男子划艇：浅肤色
🚣🏼,划艇: 中等-浅肤色
🚣🏼‍♀,女生划船: 中等-浅肤色
🚣🏼‍♀️,女子划艇：中浅肤色
🚣🏼‍♂,男生划船: 中等-浅肤色
🚣🏼‍♂️,男子划艇：中浅肤色
🚣🏽,划艇: 中等肤色
🚣🏽‍♀,女生划船: 中等肤色
🚣🏽‍♀️,女子划艇：中等肤色
🚣🏽‍♂,男生划船: 中等肤色
🚣🏽‍♂️,男子划艇：中等肤色
🚣🏾,划艇: 中等-深肤色
🚣🏾‍♀,女生划船: 中等-深肤色
🚣🏾‍♀️,女子划艇：中深肤色
🚣🏾‍♂,男生划船: 中等-深肤色
🚣🏾‍♂️,男子划艇：中深肤色
🚣🏿,划艇: 较深肤色
🚣🏿‍♀,女生划船: 较深肤色
🚣🏿‍♀️,女子划艇：深肤色
🚣🏿‍♂,男生划船: 较深肤色
🚣🏿‍♂️,男子划艇：深肤色
🚴,骑自行车
🚴‍♀,女生骑自行车
🚴‍♀️,骑自行车的女人
🚴‍♂,男生骑自行车
🚴‍♂️,骑自行车的男人
🚴🏻,骑自行车: 较浅肤色
🚴🏻‍♀,女生骑自行车: 较浅肤色
🚴🏻‍♀️,骑自行车的女人：浅肤色
🚴🏻‍♂,男生骑自行车: 较浅肤色
🚴🏻‍♂️,骑自行车的男人：浅肤色
🚴🏼,骑自行车: 中等-浅肤色
🚴🏼‍♀,女生骑自行车: 中等-浅肤色
🚴🏼‍♀️,骑自行车的女人：中浅肤色
🚴🏼‍♂,男生骑自行车: 中等-浅肤色
🚴🏼‍♂️,骑自行车的男人：中浅肤色
🚴🏽,骑自行车: 中等肤色
🚴🏽‍♀,女生骑自行车: 中等肤色
🚴🏽‍♀️,骑自行车的女人：中等肤色
🚴🏽‍♂,男生骑自行车: 中等肤色
🚴🏽‍♂️,骑自行车的男人：中等肤色
🚴🏾,骑自行车: 中等-深肤色
🚴🏾‍♀,女生骑自行车: 中等-深肤色
🚴🏾‍♀️,骑自行车的女人：中深肤色
🚴🏾‍♂,男生骑自行车: 中等-深肤色
🚴🏾‍♂️,骑自行车的男人：中深肤色
🚴🏿,骑自行车: 较深肤色
🚴🏿‍♀,女生骑自行车: 较深肤色
🚴🏿‍♀️,女生骑自行车: 较深肤色
🚴🏿‍♂,男生骑自行车: 较深肤色
🚴🏿‍♂️,男生骑自行车: 较深肤色
🚵,骑山地车
🚵‍♀,女生骑山地车
🚵‍♀️,女子山地自行车
🚵‍♂,男生骑山地车
🚵‍♂️,男子山地自行车
🚵🏻,骑山地车: 较浅肤色
🚵🏻‍♀,女生骑山地车: 较浅肤色
🚵🏻‍♀️,女子山地自行车：浅肤色
🚵🏻‍♂,男生骑山地车: 较浅肤色
🚵🏻‍♂️,男子山地自行车：浅肤色
🚵🏼,骑山地车: 中等-浅肤色
🚵🏼‍♀,女生骑山地车: 中等-浅肤色
🚵🏼‍♀️,女子山地自行车：中浅肤色
🚵🏼‍♂,男生骑山地车: 中等-浅肤色
🚵🏼‍♂️,男子山地自行车：中浅肤色
🚵🏽,骑山地车: 中等肤色
🚵🏽‍♀,女生骑山地车: 中等肤色
🚵🏽‍♀️,女子山地自行车：中等肤色
🚵🏽‍♂,男生骑山地车: 中等肤色
🚵🏽‍♂️,男子山地自行车：中等肤色
🚵🏾,骑山地车: 中等-深肤色
🚵🏾‍♀,女生骑山地车: 中等-深肤色
🚵🏾‍♀️,女子山地自行车：中深肤色
🚵🏾‍♂,男生骑山地车: 中等-深肤色
🚵🏾‍♂️,男子山地自行车：中深肤色
🚵🏿,骑山地车: 较深肤色
🚵🏿‍♀,女生骑山地车: 较深肤色
🚵🏿‍♀️,女子山地自行车：深肤色
🚵🏿‍♂,男生骑山地车: 较深肤色
🚵🏿‍♂️,男子山地自行车：深肤色
🤸,侧手翻
🤸‍♀,女生侧手翻
🤸‍♀️,女人翻筋斗
🤸‍♂,男生侧手翻
🤸‍♂️,男人翻筋斗
🤸🏻,侧手翻: 较浅肤色
🤸🏻‍♀,女生侧手翻: 较浅肤色
🤸🏻‍♀️,女人翻筋斗：浅肤色
🤸🏻‍♂,男生侧手翻: 较浅肤色
🤸🏻‍♂️,男人翻筋斗：浅肤色
🤸🏼,侧手翻: 中等-浅肤色
🤸🏼‍♀,女生侧手翻: 中等-浅肤色
🤸🏼‍♀️,女人翻筋斗：中浅肤色
🤸🏼‍♂,男生侧手翻: 中等-浅肤色
🤸🏼‍♂️,男人翻筋斗：中浅肤色
🤸🏽,侧手翻: 中等肤色
🤸🏽‍♀,女生侧手翻: 中等肤色
🤸🏽‍♀️,女人翻筋斗：中等肤色
🤸🏽‍♂,男生侧手翻: 中等肤色
🤸🏽‍♂️,男人翻筋斗：中等肤色
🤸🏾,侧手翻: 中等-深肤色
🤸🏾‍♀,女生侧手翻: 中等-深肤色
🤸🏾‍♀️,女人翻筋斗：中深肤色
🤸🏾‍♂,男生侧手翻: 中等-深肤色
🤸🏾‍♂️,男人翻筋斗：中深肤色
🤸🏿,侧手翻: 较深肤色
🤸🏿‍♀,女生侧手翻: 较深肤色
🤸🏿‍♀️,女人翻筋斗：深肤色
🤸🏿‍♂,男生侧手翻: 较深肤色
🤸🏿‍♂️,男人翻筋斗：深肤色
🤹,抛接杂耍
🤹‍♀,女生抛接杂耍
🤹‍♀️,女人玩杂耍
🤹‍♂,男生抛接杂耍
🤹‍♂️,男人玩杂耍
🤹🏻,抛接杂耍: 较浅肤色
🤹🏻‍♀,女生抛接杂耍: 较浅肤色
🤹🏻‍♀️,女人玩杂耍：浅肤色
🤹🏻‍♂,男生抛接杂耍: 较浅肤色
🤹🏻‍♂️,男人玩杂耍：浅肤色
🤹🏼,抛接杂耍: 中等-浅肤色
🤹🏼‍♀,女生抛接杂耍: 中等-浅肤色
🤹🏼‍♀️,女人玩杂耍：中浅肤色
🤹🏼‍♂,男生抛接杂耍: 中等-浅肤色
🤹🏼‍♂️,男人玩杂耍：中浅肤色
🤹🏽,抛接杂耍: 中等肤色
🤹🏽‍♀,女生抛接杂耍: 中等肤色
🤹🏽‍♀️,女人玩杂耍：中等肤色
🤹🏽‍♂,男生抛接杂耍: 中等肤色
🤹🏽‍♂️,男人玩杂耍：中等肤色
🤹🏾,抛接杂耍: 中等-深肤色
🤹🏾‍♀,女生抛接杂耍: 中等-深肤色
🤹🏾‍♀️,女人玩杂耍：中深肤色
🤹🏾‍♂,男生抛接杂耍: 中等-深肤色
🤹🏾‍♂️,男人玩杂耍：中深肤色
🤹🏿,抛接杂耍: 较深肤色
🤹🏿‍♀,女生抛接杂耍: 较深肤色
🤹🏿‍♀️,女人玩杂耍：深肤色
🤹🏿‍♂,男生抛接杂耍: 较深肤色
🤹🏿‍♂️,男人玩杂耍：深肤色
🤺,击剑选手
🤼,摔跤选手
🤼‍♀,女生摔跤
🤼‍♀️,女子摔跤
🤼‍♂,男生摔跤
🤼‍♂️,男子摔跤
🤽,水球
🤽‍♀,女生玩水球
🤽‍♀️,女人玩水球
🤽‍♂,男生玩水球
🤽‍♂️,男子玩水球
🤽🏻,水球: 较浅肤色
🤽🏻‍♀,女生玩水球: 较浅肤色
🤽🏻‍♀️,女人玩水球：浅肤色
🤽🏻‍♂,男生玩水球: 较浅肤色
🤽🏻‍♂️,男子打水球：浅肤色
🤽🏼,水球: 中等-浅肤色
🤽🏼‍♀,女生玩水球: 中等-浅肤色
🤽🏼‍♀️,女子打水球：中浅肤色
🤽🏼‍♂,男生玩水球: 中等-浅肤色
🤽🏼‍♂️,男子打水球：中浅肤色
🤽🏽,水球: 中等肤色
🤽🏽‍♀,女生玩水球: 中等肤色
🤽🏽‍♀️,女子打水球：中等肤色
🤽🏽‍♂,男生玩水球: 中等肤色
🤽🏽‍♂️,男子打水球：中等肤色
🤽🏾,水球: 中等-深肤色
🤽🏾‍♀,女生玩水球: 中等-深肤色
🤽🏾‍♀️,女子打水球：中深肤色
🤽🏾‍♂,男生玩水球: 中等-深肤色
🤽🏾‍♂️,男子打水球：中深肤色
🤽🏿,水球: 较深肤色
🤽🏿‍♀,女生玩水球: 较深肤色
🤽🏿‍♀️,女子打水球：深肤色
🤽🏿‍♂,男生玩水球: 较深肤色
🤽🏿‍♂️,男子打水球：深肤色
🤾,手球
🤾‍♀,女生玩手球
🤾‍♀️,女人玩手球
🤾‍♂,男生玩手球
🤾‍♂️,男子玩手球
🤾🏻,手球: 较浅肤色
🤾🏻‍♀,女生玩手球: 较浅肤色
🤾🏻‍♀️,女子手球：浅肤色
🤾🏻‍♂,男生玩手球: 较浅肤色
🤾🏻‍♂️,男子手球：浅肤色
🤾🏼,手球: 中等-浅肤色
🤾🏼‍♀,女生玩手球: 中等-浅肤色
🤾🏼‍♀️,女子手球：中浅肤色
🤾🏼‍♂,男生玩手球: 中等-浅肤色
🤾🏼‍♂️,男子手球：中浅肤色
🤾🏽,手球: 中等肤色
🤾🏽‍♀,女生玩手球: 中等肤色
🤾🏽‍♀️,女子手球：中等肤色
🤾🏽‍♂,男生玩手球: 中等肤色
🤾🏽‍♂️,男子手球：中等肤色
🤾🏾,手球: 中等-深肤色
🤾🏾‍♀,女生玩手球: 中等-深肤色
🤾🏾‍♀️,女子手球：中深肤色
🤾🏾‍♂,男生玩手球: 中等-深肤色
🤾🏾‍♂️,男子手球：中深肤色
🤾🏿,手球: 较深肤色
🤾🏿‍♀,女生玩手球: 较深肤色
🤾🏿‍♀️,女子手球：深肤色
🤾🏿‍♂,男生玩手球: 较深肤色
🤾🏿‍♂️,男子手球：深肤色
🛀,洗澡的人
🛀🏻,洗澡的人: 较浅肤色
🛀🏼,洗澡的人: 中等-浅肤色
🛀🏽,洗澡的人: 中等肤色
🛀🏾,洗澡的人: 中等-深肤色
🛀🏿,洗澡的人: 较深肤色
🛌,躺在床上的人
🛌🏻,躺在床上的人: 较浅肤色
🛌🏼,躺在床上的人: 中等-浅肤色
🛌🏽,躺在床上的人: 中等肤色
🛌🏾,躺在床上的人: 中等-深肤色
🛌🏿,躺在床上的人: 较深肤色
🧘,盘腿的人
🧘‍♀,盘腿的女人
🧘‍♀️,打坐的女人
🧘‍♂,盘腿的男人
🧘‍♂️,打坐的男人
🧘🏻,盘腿的人: 较浅肤色
🧘🏻‍♀,盘腿的女人: 较浅肤色
🧘🏻‍♀️,打坐的女人：浅肤色
🧘🏻‍♂,盘腿的男人: 较浅肤色
🧘🏻‍♂️,打坐的男人：浅肤色
🧘🏼,盘腿的人: 中等-浅肤色
🧘🏼‍♀,盘腿的女人: 中等-浅肤色
🧘🏼‍♀️,打坐的女人：中浅肤色
🧘🏼‍♂,盘腿的男人: 中等-浅肤色
🧘🏼‍♂️,打坐的男人：中浅肤色
🧘🏽,盘腿的人: 中等肤色
🧘🏽‍♀,盘腿的女人: 中等肤色
🧘🏽‍♀️,打坐的女人：中等肤色
🧘🏽‍♂,盘腿的男人: 中等肤色
🧘🏽‍♂️,打坐的男人：中等肤色
🧘🏾,盘腿的人: 中等-深肤色
🧘🏾‍♀,盘腿的女人: 中等-深肤色
🧘🏾‍♀️,打坐的女人：中深肤色
🧘🏾‍♂,盘腿的男人: 中等-深肤色
🧘🏾‍♂️,打坐的男人：中深肤色
🧘🏿,盘腿的人: 较深肤色
🧘🏿‍♀,盘腿的女人: 较深肤色
🧘🏿‍♀️,打坐的女人：深肤色
🧘🏿‍♂,盘腿的男人: 较深肤色
🧘🏿‍♂️,打坐的男人：深肤色
👨‍❤‍👨,情侣: 男人男人
👨‍❤‍💋‍👨,亲吻: 男人男人
👨‍❤️‍👨,带心的夫妇：男人和男人
👨‍❤️‍💋‍👨,亲吻：男人和男人
👨‍👦,家庭: 男人男孩
👨‍👦‍👦,家庭: 男人男孩男孩
👨‍👧,家庭: 男人女孩
👨‍👧‍👦,家庭: 男人女孩男孩
👨‍👧‍👧,家庭: 男人女孩女孩
👨‍👨‍👦,家庭: 男人男人男孩
👨‍👨‍👦‍👦,家庭: 男人男人男孩男孩
👨‍👨‍👧,家庭: 男人男人女孩
👨‍👨‍👧‍👦,家庭: 男人男人女孩男孩
👨‍👨‍👧‍👧,家庭: 男人男人女孩女孩
👨‍👩‍👦,家庭: 男人女人男孩
👨‍👩‍👦‍👦,家庭: 男人女人男孩男孩
👨‍👩‍👧,家庭: 男人女人女孩
👨‍👩‍👧‍👦,家庭: 男人女人女孩男孩
👨‍👩‍👧‍👧,家庭: 男人女人女孩女孩
👨🏻‍❤‍👨🏻,情侣: 男人男人较浅肤色
👨🏻‍❤‍👨🏼,情侣: 男人男人较浅肤色中等-浅肤色
👨🏻‍❤‍👨🏽,情侣: 男人男人较浅肤色中等肤色
👨🏻‍❤‍👨🏾,情侣: 男人男人较浅肤色中等-深肤色
👨🏻‍❤‍👨🏿,情侣: 男人男人较浅肤色较深肤色
👨🏻‍❤‍💋‍👨🏻,亲吻: 男人男人较浅肤色
👨🏻‍❤‍💋‍👨🏼,亲吻: 男人男人较浅肤色中等-浅肤色
👨🏻‍❤‍💋‍👨🏽,亲吻: 男人男人较浅肤色中等肤色
👨🏻‍❤‍💋‍👨🏾,亲吻: 男人男人较浅肤色中等-深肤色
👨🏻‍❤‍💋‍👨🏿,亲吻: 男人男人较浅肤色较深肤色
👨🏻‍❤️‍👨🏻,情侣: 男人男人较浅肤色
👨🏻‍❤️‍👨🏼,情侣: 男人男人较浅肤色中等-浅肤色
👨🏻‍❤️‍👨🏽,情侣: 男人男人较浅肤色中等肤色
👨🏻‍❤️‍👨🏾,情侣: 男人男人较浅肤色中等-深肤色
👨🏻‍❤️‍👨🏿,情侣: 男人男人较浅肤色较深肤色
👨🏻‍❤️‍💋‍👨🏻,亲吻: 男人男人较浅肤色
👨🏻‍❤️‍💋‍👨🏼,亲吻: 男人男人较浅肤色中等-浅肤色
👨🏻‍❤️‍💋‍👨🏽,亲吻: 男人男人较浅肤色中等肤色
👨🏻‍❤️‍💋‍👨🏾,亲吻: 男人男人较浅肤色中等-深肤色
👨🏻‍❤️‍💋‍👨🏿,亲吻: 男人男人较浅肤色较深肤色
👨🏻‍🤝‍👨🏼,手拉手的两个男人: 较浅肤色中等-浅肤色
👨🏻‍🤝‍👨🏽,手拉手的两个男人: 较浅肤色中等肤色
👨🏻‍🤝‍👨🏾,手拉手的两个男人: 较浅肤色中等-深肤色
👨🏻‍🤝‍👨🏿,手拉手的两个男人: 较浅肤色较深肤色
👨🏼‍❤‍👨🏻,情侣: 男人男人中等-浅肤色较浅肤色
👨🏼‍❤‍👨🏼,情侣: 男人男人中等-浅肤色
👨🏼‍❤‍👨🏽,情侣: 男人男人中等-浅肤色中等肤色
👨🏼‍❤‍👨🏾,情侣: 男人男人中等-浅肤色中等-深肤色
👨🏼‍❤‍👨🏿,情侣: 男人男人中等-浅肤色较深肤色
👨🏼‍❤‍💋‍👨🏻,亲吻: 男人男人中等-浅肤色较浅肤色
👨🏼‍❤‍💋‍👨🏼,亲吻: 男人男人中等-浅肤色
👨🏼‍❤‍💋‍👨🏽,亲吻: 男人男人中等-浅肤色中等肤色
👨🏼‍❤‍💋‍👨🏾,亲吻: 男人男人中等-浅肤色中等-深肤色
👨🏼‍❤‍💋‍👨🏿,亲吻: 男人男人中等-浅肤色较深肤色
👨🏼‍❤️‍👨🏻,情侣: 男人男人中等-浅肤色较浅肤色
👨🏼‍❤️‍👨🏼,情侣: 男人男人中等-浅肤色
👨🏼‍❤️‍👨🏽,情侣: 男人男人中等-浅肤色中等肤色
👨🏼‍❤️‍👨🏾,情侣: 男人男人中等-浅肤色中等-深肤色
👨🏼‍❤️‍👨🏿,情侣: 男人男人中等-浅肤色较深肤色
👨🏼‍❤️‍💋‍👨🏻,亲吻: 男人男人中等-浅肤色较浅肤色
👨🏼‍❤️‍💋‍👨🏼,亲吻: 男人男人中等-浅肤色
👨🏼‍❤️‍💋‍👨🏽,亲吻: 男人男人中等-浅肤色中等肤色
👨🏼‍❤️‍💋‍👨🏾,亲吻: 男人男人中等-浅肤色中等-深肤色
👨🏼‍❤️‍💋‍👨🏿,亲吻: 男人男人中等-浅肤色较深肤色
👨🏼‍🤝‍👨🏻,手拉手的两个男人: 中等-浅肤色较浅肤色
👨🏼‍🤝‍👨🏽,手拉手的两个男人: 中等-浅肤色中等肤色
👨🏼‍🤝‍👨🏾,手拉手的两个男人: 中等-浅肤色中等-深肤色
👨🏼‍🤝‍👨🏿,手拉手的两个男人: 中等-浅肤色较深肤色
👨🏽‍❤‍👨🏻,情侣: 男人男人中等肤色较浅肤色
👨🏽‍❤‍👨🏼,情侣: 男人男人中等肤色中等-浅肤色
👨🏽‍❤‍👨🏽,情侣: 男人男人中等肤色
👨🏽‍❤‍👨🏾,情侣: 男人男人中等肤色中等-深肤色
👨🏽‍❤‍👨🏿,情侣: 男人男人中等肤色较深肤色
👨🏽‍❤‍💋‍👨🏻,亲吻: 男人男人中等肤色较浅肤色
👨🏽‍❤‍💋‍👨🏼,亲吻: 男人男人中等肤色中等-浅肤色
👨🏽‍❤‍💋‍👨🏽,亲吻: 男人男人中等肤色
👨🏽‍❤‍💋‍👨🏾,亲吻: 男人男人中等肤色中等-深肤色
👨🏽‍❤‍💋‍👨🏿,亲吻: 男人男人中等肤色较深肤色
👨🏽‍❤️‍👨🏻,情侣: 男人男人中等肤色较浅肤色
👨🏽‍❤️‍👨🏼,情侣: 男人男人中等肤色中等-浅肤色
👨🏽‍❤️‍👨🏽,情侣: 男人男人中等肤色
👨🏽‍❤️‍👨🏾,情侣: 男人男人中等肤色中等-深肤色
👨🏽‍❤️‍👨🏿,情侣: 男人男人中等肤色较深肤色
👨🏽‍❤️‍💋‍👨🏻,亲吻: 男人男人中等肤色较浅肤色
👨🏽‍❤️‍💋‍👨🏼,亲吻: 男人男人中等肤色中等-浅肤色
👨🏽‍❤️‍💋‍👨🏽,亲吻: 男人男人中等肤色
👨🏽‍❤️‍💋‍👨🏾,亲吻: 男人男人中等肤色中等-深肤色
👨🏽‍❤️‍💋‍👨🏿,亲吻: 男人男人中等肤色较深肤色
👨🏽‍🤝‍👨🏻,手拉手的两个男人: 中等肤色较浅肤色
👨🏽‍🤝‍👨🏼,手拉手的两个男人: 中等肤色中等-浅肤色
👨🏽‍🤝‍👨🏾,手拉手的两个男人: 中等肤色中等-深肤色
👨🏽‍🤝‍👨🏿,手拉手的两个男人: 中等肤色较深肤色
👨🏾‍❤‍👨🏻,情侣: 男人男人中等-深肤色较浅肤色
👨🏾‍❤‍👨🏼,情侣: 男人男人中等-深肤色中等-浅肤色
👨🏾‍❤‍👨🏽,情侣: 男人男人中等-深肤色中等肤色
👨🏾‍❤‍👨🏾,情侣: 男人男人中等-深肤色
👨🏾‍❤‍👨🏿,情侣: 男人男人中等-深肤色较深肤色
👨🏾‍❤‍💋‍👨🏻,亲吻: 男人男人中等-深肤色较浅肤色
👨🏾‍❤‍💋‍👨🏼,亲吻: 男人男人中等-深肤色中等-浅肤色
👨🏾‍❤‍💋‍👨🏽,亲吻: 男人男人中等-深肤色中等肤色
👨🏾‍❤‍💋‍👨🏾,亲吻: 男人男人中等-深肤色
👨🏾‍❤‍💋‍👨🏿,亲吻: 男人男人中等-深肤色较深肤色
👨🏾‍❤️‍👨🏻,情侣: 男人男人中等-深肤色较浅肤色
👨🏾‍❤️‍👨🏼,情侣: 男人男人中等-深肤色中等-浅肤色
👨🏾‍❤️‍👨🏽,情侣: 男人男人中等-深肤色中等肤色
👨🏾‍❤️‍👨🏾,情侣: 男人男人中等-深肤色
👨🏾‍❤️‍👨🏿,情侣: 男人男人中等-深肤色较深肤色
👨🏾‍❤️‍💋‍👨🏻,亲吻: 男人男人中等-深肤色较浅肤色
👨🏾‍❤️‍💋‍👨🏼,亲吻: 男人男人中等-深肤色中等-浅肤色
👨🏾‍❤️‍💋‍👨🏽,亲吻: 男人男人中等-深肤色中等肤色
👨🏾‍❤️‍💋‍👨🏾,亲吻: 男人男人中等-深肤色
👨🏾‍❤️‍💋‍👨🏿,亲吻: 男人男人中等-深肤色较深肤色
👨🏾‍🤝‍👨🏻,手拉手的两个男人: 中等-深肤色较浅肤色
👨🏾‍🤝‍👨🏼,手拉手的两个男人: 中等-深肤色中等-浅肤色
👨🏾‍🤝‍👨🏽,手拉手的两个男人: 中等-深肤色中等肤色
👨🏾‍🤝‍👨🏿,手拉手的两个男人: 中等-深肤色较深肤色
👨🏿‍❤‍👨🏻,情侣: 男人男人较深肤色较浅肤色
👨🏿‍❤‍👨🏼,情侣: 男人男人较深肤色中等-浅肤色
👨🏿‍❤‍👨🏽,情侣: 男人男人较深肤色中等肤色
👨🏿‍❤‍👨🏾,情侣: 男人男人较深肤色中等-深肤色
👨🏿‍❤‍👨🏿,情侣: 男人男人较深肤色
👨🏿‍❤‍💋‍👨🏻,亲吻: 男人男人较深肤色较浅肤色
👨🏿‍❤‍💋‍👨🏼,亲吻: 男人男人较深肤色中等-浅肤色
👨🏿‍❤‍💋‍👨🏽,亲吻: 男人男人较深肤色中等肤色
👨🏿‍❤‍💋‍👨🏾,亲吻: 男人男人较深肤色中等-深肤色
👨🏿‍❤‍💋‍👨🏿,亲吻: 男人男人较深肤色
👨🏿‍❤️‍👨🏻,情侣: 男人男人较深肤色较浅肤色
👨🏿‍❤️‍👨🏼,情侣: 男人男人较深肤色中等-浅肤色
👨🏿‍❤️‍👨🏽,情侣: 男人男人较深肤色中等肤色
👨🏿‍❤️‍👨🏾,情侣: 男人男人较深肤色中等-深肤色
👨🏿‍❤️‍👨🏿,情侣: 男人男人较深肤色
👨🏿‍❤️‍💋‍👨🏻,亲吻: 男人男人较深肤色较浅肤色
👨🏿‍❤️‍💋‍👨🏼,亲吻: 男人男人较深肤色中等-浅肤色
👨🏿‍❤️‍💋‍👨🏽,亲吻: 男人男人较深肤色中等肤色
👨🏿‍❤️‍💋‍👨🏾,亲吻: 男人男人较深肤色中等-深肤色
👨🏿‍❤️‍💋‍👨🏿,亲吻: 男人男人较深肤色
👨🏿‍🤝‍👨🏻,手拉手的两个男人: 较深肤色较浅肤色
👨🏿‍🤝‍👨🏼,手拉手的两个男人: 较深肤色中等-浅肤色
👨🏿‍🤝‍👨🏽,手拉手的两个男人: 较深肤色中等肤色
👨🏿‍🤝‍👨🏾,手拉手的两个男人: 较深肤色中等-深肤色
👩‍❤‍👨,情侣: 女人男人
👩‍❤‍👩,情侣: 女人女人
👩‍❤‍💋‍👨,亲吻: 女人男人
👩‍❤‍💋‍👩,亲吻: 女人女人
👩‍❤️‍👨,带心的夫妇：女人和男人
👩‍❤️‍👩,情侣: 女人女人
👩‍❤️‍💋‍👨,吻：女人和男人
👩‍❤️‍💋‍👩,亲吻: 女人女人
👩‍👦,家庭: 女人男孩
👩‍👦‍👦,家庭: 女人男孩男孩
👩‍👧,家庭: 女人女孩
👩‍👧‍👦,家庭: 女人女孩男孩
👩‍👧‍👧,家庭: 女人女孩女孩
👩‍👩‍👦,家庭: 女人女人男孩
👩‍👩‍👦‍👦,家庭: 女人女人男孩男孩
👩‍👩‍👧,家庭: 女人女人女孩
👩‍👩‍👧‍👦,家庭: 女人女人女孩男孩
👩‍👩‍👧‍👧,家庭: 女人女人女孩女孩
👩🏻‍❤‍👨🏻,情侣: 女人男人较浅肤色
👩🏻‍❤‍👨🏼,情侣: 女人男人较浅肤色中等-浅肤色
👩🏻‍❤‍👨🏽,情侣: 女人男人较浅肤色中等肤色
👩🏻‍❤‍👨🏾,情侣: 女人男人较浅肤色中等-深肤色
👩🏻‍❤‍👨🏿,情侣: 女人男人较浅肤色较深肤色
👩🏻‍❤‍👩🏻,情侣: 女人女人较浅肤色
👩🏻‍❤‍👩🏼,情侣: 女人女人较浅肤色中等-浅肤色
👩🏻‍❤‍👩🏽,情侣: 女人女人较浅肤色中等肤色
👩🏻‍❤‍👩🏾,情侣: 女人女人较浅肤色中等-深肤色
👩🏻‍❤‍👩🏿,情侣: 女人女人较浅肤色较深肤色
👩🏻‍❤‍💋‍👨🏻,亲吻: 女人男人较浅肤色
👩🏻‍❤‍💋‍👨🏼,亲吻: 女人男人较浅肤色中等-浅肤色
👩🏻‍❤‍💋‍👨🏽,亲吻: 女人男人较浅肤色中等肤色
👩🏻‍❤‍💋‍👨🏾,亲吻: 女人男人较浅肤色中等-深肤色
👩🏻‍❤‍💋‍👨🏿,亲吻: 女人男人较浅肤色较深肤色
👩🏻‍❤‍💋‍👩🏻,亲吻: 女人女人较浅肤色
👩🏻‍❤‍💋‍👩🏼,亲吻: 女人女人较浅肤色中等-浅肤色
👩🏻‍❤‍💋‍👩🏽,亲吻: 女人女人较浅肤色中等肤色
👩🏻‍❤‍💋‍👩🏾,亲吻: 女人女人较浅肤色中等-深肤色
👩🏻‍❤‍💋‍👩🏿,亲吻: 女人女人较浅肤色较深肤色
👩🏻‍❤️‍👨🏻,情侣: 女人男人较浅肤色
👩🏻‍❤️‍👨🏼,情侣: 女人男人较浅肤色中等-浅肤色
👩🏻‍❤️‍👨🏽,情侣: 女人男人较浅肤色中等肤色
👩🏻‍❤️‍👨🏾,情侣: 女人男人较浅肤色中等-深肤色
👩🏻‍❤️‍👨🏿,情侣: 女人男人较浅肤色较深肤色
👩🏻‍❤️‍👩🏻,情侣: 女人女人较浅肤色
👩🏻‍❤️‍👩🏼,情侣: 女人女人较浅肤色中等-浅肤色
👩🏻‍❤️‍👩🏽,情侣: 女人女人较浅肤色中等肤色
👩🏻‍❤️‍👩🏾,情侣: 女人女人较浅肤色中等-深肤色
👩🏻‍❤️‍👩🏿,情侣: 女人女人较浅肤色较深肤色
👩🏻‍❤️‍💋‍👨🏻,亲吻: 女人男人较浅肤色
👩🏻‍❤️‍💋‍👨🏼,亲吻: 女人男人较浅肤色中等-浅肤色
👩🏻‍❤️‍💋‍👨🏽,亲吻: 女人男人较浅肤色中等肤色
👩🏻‍❤️‍💋‍👨🏾,亲吻: 女人男人较浅肤色中等-深肤色
👩🏻‍❤️‍💋‍👨🏿,亲吻: 女人男人较浅肤色较深肤色
👩🏻‍❤️‍💋‍👩🏻,亲吻: 女人女人较浅肤色
👩🏻‍❤️‍💋‍👩🏼,亲吻: 女人女人较浅肤色中等-浅肤色
👩🏻‍❤️‍💋‍👩🏽,亲吻: 女人女人较浅肤色中等肤色
👩🏻‍❤️‍💋‍👩🏾,亲吻: 女人女人较浅肤色中等-深肤色
👩🏻‍❤️‍💋‍👩🏿,亲吻: 女人女人较浅肤色较深肤色
👩🏻‍🤝‍👨🏼,手拉手的一男一女: 较浅肤色中等-浅肤色
👩🏻‍🤝‍👨🏽,手拉手的一男一女: 较浅肤色中等肤色
👩🏻‍🤝‍👨🏾,手拉手的一男一女: 较浅肤色中等-深肤色
👩🏻‍🤝‍👨🏿,手拉手的一男一女: 较浅肤色较深肤色
👩🏻‍🤝‍👩🏼,手拉手的两个女人: 较浅肤色中等-浅肤色
👩🏻‍🤝‍👩🏽,手拉手的两个女人: 较浅肤色中等肤色
👩🏻‍🤝‍👩🏾,手拉手的两个女人: 较浅肤色中等-深肤色
👩🏻‍🤝‍👩🏿,手拉手的两个女人: 较浅肤色较深肤色
👩🏼‍❤‍👨🏻,情侣: 女人男人中等-浅肤色较浅肤色
👩🏼‍❤‍👨🏼,情侣: 女人男人中等-浅肤色
👩🏼‍❤‍👨🏽,情侣: 女人男人中等-浅肤色中等肤色
👩🏼‍❤‍👨🏾,情侣: 女人男人中等-浅肤色中等-深肤色
👩🏼‍❤‍👨🏿,情侣: 女人男人中等-浅肤色较深肤色
👩🏼‍❤‍👩🏻,情侣: 女人女人中等-浅肤色较浅肤色
👩🏼‍❤‍👩🏼,情侣: 女人女人中等-浅肤色
👩🏼‍❤‍👩🏽,情侣: 女人女人中等-浅肤色中等肤色
👩🏼‍❤‍👩🏾,情侣: 女人女人中等-浅肤色中等-深肤色
👩🏼‍❤‍👩🏿,情侣: 女人女人中等-浅肤色较深肤色
👩🏼‍❤‍💋‍👨🏻,亲吻: 女人男人中等-浅肤色较浅肤色
👩🏼‍❤‍💋‍👨🏼,亲吻: 女人男人中等-浅肤色
👩🏼‍❤‍💋‍👨🏽,亲吻: 女人男人中等-浅肤色中等肤色
👩🏼‍❤‍💋‍👨🏾,亲吻: 女人男人中等-浅肤色中等-深肤色
👩🏼‍❤‍💋‍👨🏿,亲吻: 女人男人中等-浅肤色较深肤色
👩🏼‍❤‍💋‍👩🏻,亲吻: 女人女人中等-浅肤色较浅肤色
👩🏼‍❤‍💋‍👩🏼,亲吻: 女人女人中等-浅肤色
👩🏼‍❤‍💋‍👩🏽,亲吻: 女人女人中等-浅肤色中等肤色
👩🏼‍❤‍💋‍👩🏾,亲吻: 女人女人中等-浅肤色中等-深肤色
👩🏼‍❤‍💋‍👩🏿,亲吻: 女人女人中等-浅肤色较深肤色
👩🏼‍❤️‍👨🏻,情侣: 女人男人中等-浅肤色较浅肤色
👩🏼‍❤️‍👨🏼,情侣: 女人男人中等-浅肤色
👩🏼‍❤️‍👨🏽,情侣: 女人男人中等-浅肤色中等肤色
👩🏼‍❤️‍👨🏾,情侣: 女人男人中等-浅肤色中等-深肤色
👩🏼‍❤️‍👨🏿,情侣: 女人男人中等-浅肤色较深肤色
👩🏼‍❤️‍👩🏻,情侣: 女人女人中等-浅肤色较浅肤色
👩🏼‍❤️‍👩🏼,情侣: 女人女人中等-浅肤色
👩🏼‍❤️‍👩🏽,情侣: 女人女人中等-浅肤色中等肤色
👩🏼‍❤️‍👩🏾,情侣: 女人女人中等-浅肤色中等-深肤色
👩🏼‍❤️‍👩🏿,情侣: 女人女人中等-浅肤色较深肤色
👩🏼‍❤️‍💋‍👨🏻,亲吻: 女人男人中等-浅肤色较浅肤色
👩🏼‍❤️‍💋‍👨🏼,亲吻: 女人男人中等-浅肤色
👩🏼‍❤️‍💋‍👨🏽,亲吻: 女人男人中等-浅肤色中等肤色
👩🏼‍❤️‍💋‍👨🏾,亲吻: 女人男人中等-浅肤色中等-深肤色
👩🏼‍❤️‍💋‍👨🏿,亲吻: 女人男人中等-浅肤色较深肤色
👩🏼‍❤️‍💋‍👩🏻,亲吻: 女人女人中等-浅肤色较浅肤色
👩🏼‍❤️‍💋‍👩🏼,亲吻: 女人女人中等-浅肤色
👩🏼‍❤️‍💋‍👩🏽,亲吻: 女人女人中等-浅肤色中等肤色
👩🏼‍❤️‍💋‍👩🏾,亲吻: 女人女人中等-浅肤色中等-深肤色
👩🏼‍❤️‍💋‍👩🏿,亲吻: 女人女人中等-浅肤色较深肤色
👩🏼‍🤝‍👨🏻,手拉手的一男一女: 中等-浅肤色较浅肤色
👩🏼‍🤝‍👨🏽,手拉手的一男一女: 中等-浅肤色中等肤色
👩🏼‍🤝‍👨🏾,手拉手的一男一女: 中等-浅肤色中等-深肤色
👩🏼‍🤝‍👨🏿,手拉手的一男一女: 中等-浅肤色较深肤色
👩🏼‍🤝‍👩🏻,手拉手的两个女人: 中等-浅肤色较浅肤色
👩🏼‍🤝‍👩🏽,手拉手的两个女人: 中等-浅肤色中等肤色
👩🏼‍🤝‍👩🏾,手拉手的两个女人: 中等-浅肤色中等-深肤色
👩🏼‍🤝‍👩🏿,手拉手的两个女人: 中等-浅肤色较深肤色
👩🏽‍❤‍👨🏻,情侣: 女人男人中等肤色较浅肤色
👩🏽‍❤‍👨🏼,情侣: 女人男人中等肤色中等-浅肤色
👩🏽‍❤‍👨🏽,情侣: 女人男人中等肤色
👩🏽‍❤‍👨🏾,情侣: 女人男人中等肤色中等-深肤色
👩🏽‍❤‍👨🏿,情侣: 女人男人中等肤色较深肤色
👩🏽‍❤‍👩🏻,情侣: 女人女人中等肤色较浅肤色
👩🏽‍❤‍👩🏼,情侣: 女人女人中等肤色中等-浅肤色
👩🏽‍❤‍👩🏽,情侣: 女人女人中等肤色
👩🏽‍❤‍👩🏾,情侣: 女人女人中等肤色中等-深肤色
👩🏽‍❤‍👩🏿,情侣: 女人女人中等肤色较深肤色
👩🏽‍❤‍💋‍👨🏻,亲吻: 女人男人中等肤色较浅肤色
👩🏽‍❤‍💋‍👨🏼,亲吻: 女人男人中等肤色中等-浅肤色
👩🏽‍❤‍💋‍👨🏽,亲吻: 女人男人中等肤色
👩🏽‍❤‍💋‍👨🏾,亲吻: 女人男人中等肤色中等-深肤色
👩🏽‍❤‍💋‍👨🏿,亲吻: 女人男人中等肤色较深肤色
👩🏽‍❤‍💋‍👩🏻,亲吻: 女人女人中等肤色较浅肤色
👩🏽‍❤‍💋‍👩🏼,亲吻: 女人女人中等肤色中等-浅肤色
👩🏽‍❤‍💋‍👩🏽,亲吻: 女人女人中等肤色
👩🏽‍❤‍💋‍👩🏾,亲吻: 女人女人中等肤色中等-深肤色
👩🏽‍❤‍💋‍👩🏿,亲吻: 女人女人中等肤色较深肤色
👩🏽‍❤️‍👨🏻,情侣: 女人男人中等肤色较浅肤色
👩🏽‍❤️‍👨🏼,情侣: 女人男人中等肤色中等-浅肤色
👩🏽‍❤️‍👨🏽,情侣: 女人男人中等肤色
👩🏽‍❤️‍👨🏾,情侣: 女人男人中等肤色中等-深肤色
👩🏽‍❤️‍👨🏿,情侣: 女人男人中等肤色较深肤色
👩🏽‍❤️‍👩🏻,情侣: 女人女人中等肤色较浅肤色
👩🏽‍❤️‍👩🏼,情侣: 女人女人中等肤色中等-浅肤色
👩🏽‍❤️‍👩🏽,情侣: 女人女人中等肤色
👩🏽‍❤️‍👩🏾,情侣: 女人女人中等肤色中等-深肤色
👩🏽‍❤️‍👩🏿,情侣: 女人女人中等肤色较深肤色
👩🏽‍❤️‍💋‍👨🏻,亲吻: 女人男人中等肤色较浅肤色
👩🏽‍❤️‍💋‍👨🏼,亲吻: 女人男人中等肤色中等-浅肤色
👩🏽‍❤️‍💋‍👨🏽,亲吻: 女人男人中等肤色
👩🏽‍❤️‍💋‍👨🏾,亲吻: 女人男人中等肤色中等-深肤色
👩🏽‍❤️‍💋‍👨🏿,亲吻: 女人男人中等肤色较深肤色
👩🏽‍❤️‍💋‍👩🏻,亲吻: 女人女人中等肤色较浅肤色
👩🏽‍❤️‍💋‍👩🏼,亲吻: 女人女人中等肤色中等-浅肤色
👩🏽‍❤️‍💋‍👩🏽,亲吻: 女人女人中等肤色
👩🏽‍❤️‍💋‍👩🏾,亲吻: 女人女人中等肤色中等-深肤色
👩🏽‍❤️‍💋‍👩🏿,亲吻: 女人女人中等肤色较深肤色
👩🏽‍🤝‍👨🏻,手拉手的一男一女: 中等肤色较浅肤色
👩🏽‍🤝‍👨🏼,手拉手的一男一女: 中等肤色中等-浅肤色
👩🏽‍🤝‍👨🏾,手拉手的一男一女: 中等肤色中等-深肤色
👩🏽‍🤝‍👨🏿,手拉手的一男一女: 中等肤色较深肤色
👩🏽‍🤝‍👩🏻,手拉手的两个女人: 中等肤色较浅肤色
👩🏽‍🤝‍👩🏼,手拉手的两个女人: 中等肤色中等-浅肤色
👩🏽‍🤝‍👩🏾,手拉手的两个女人: 中等肤色中等-深肤色
👩🏽‍🤝‍👩🏿,手拉手的两个女人: 中等肤色较深肤色
👩🏾‍❤‍👨🏻,情侣: 女人男人中等-深肤色较浅肤色
👩🏾‍❤‍👨🏼,情侣: 女人男人中等-深肤色中等-浅肤色
👩🏾‍❤‍👨🏽,情侣: 女人男人中等-深肤色中等肤色
👩🏾‍❤‍👨🏾,情侣: 女人男人中等-深肤色
👩🏾‍❤‍👨🏿,情侣: 女人男人中等-深肤色较深肤色
👩🏾‍❤‍👩🏻,情侣: 女人女人中等-深肤色较浅肤色
👩🏾‍❤‍👩🏼,情侣: 女人女人中等-深肤色中等-浅肤色
👩🏾‍❤‍👩🏽,情侣: 女人女人中等-深肤色中等肤色
👩🏾‍❤‍👩🏾,情侣: 女人女人中等-深肤色
👩🏾‍❤‍👩🏿,情侣: 女人女人中等-深肤色较深肤色
👩🏾‍❤‍💋‍👨🏻,亲吻: 女人男人中等-深肤色较浅肤色
👩🏾‍❤‍💋‍👨🏼,亲吻: 女人男人中等-深肤色中等-浅肤色
👩🏾‍❤‍💋‍👨🏽,亲吻: 女人男人中等-深肤色中等肤色
👩🏾‍❤‍💋‍👨🏾,亲吻: 女人男人中等-深肤色
👩🏾‍❤‍💋‍👨🏿,亲吻: 女人男人中等-深肤色较深肤色
👩🏾‍❤‍💋‍👩🏻,亲吻: 女人女人中等-深肤色较浅肤色
👩🏾‍❤‍💋‍👩🏼,亲吻: 女人女人中等-深肤色中等-浅肤色
👩🏾‍❤‍💋‍👩🏽,亲吻: 女人女人中等-深肤色中等肤色
👩🏾‍❤‍💋‍👩🏾,亲吻: 女人女人中等-深肤色
👩🏾‍❤‍💋‍👩🏿,亲吻: 女人女人中等-深肤色较深肤色
👩🏾‍❤️‍👨🏻,情侣: 女人男人中等-深肤色较浅肤色
👩🏾‍❤️‍👨🏼,情侣: 女人男人中等-深肤色中等-浅肤色
👩🏾‍❤️‍👨🏽,情侣: 女人男人中等-深肤色中等肤色
👩🏾‍❤️‍👨🏾,情侣: 女人男人中等-深肤色
👩🏾‍❤️‍👨🏿,情侣: 女人男人中等-深肤色较深肤色
👩🏾‍❤️‍👩🏻,情侣: 女人女人中等-深肤色较浅肤色
👩🏾‍❤️‍👩🏼,情侣: 女人女人中等-深肤色中等-浅肤色
👩🏾‍❤️‍👩🏽,情侣: 女人女人中等-深肤色中等肤色
👩🏾‍❤️‍👩🏾,情侣: 女人女人中等-深肤色
👩🏾‍❤️‍👩🏿,情侣: 女人女人中等-深肤色较深肤色
👩🏾‍❤️‍💋‍👨🏻,亲吻: 女人男人中等-深肤色较浅肤色
👩🏾‍❤️‍💋‍👨🏼,亲吻: 女人男人中等-深肤色中等-浅肤色
👩🏾‍❤️‍💋‍👨🏽,亲吻: 女人男人中等-深肤色中等肤色
👩🏾‍❤️‍💋‍👨🏾,亲吻: 女人男人中等-深肤色
👩🏾‍❤️‍💋‍👨🏿,亲吻: 女人男人中等-深肤色较深肤色
👩🏾‍❤️‍💋‍👩🏻,亲吻: 女人女人中等-深肤色较浅肤色
👩🏾‍❤️‍💋‍👩🏼,亲吻: 女人女人中等-深肤色中等-浅肤色
👩🏾‍❤️‍💋‍👩🏽,亲吻: 女人女人中等-深肤色中等肤色
👩🏾‍❤️‍💋‍👩🏾,亲吻: 女人女人中等-深肤色
👩🏾‍❤️‍💋‍👩🏿,亲吻: 女人女人中等-深肤色较深肤色
👩🏾‍🤝‍👨🏻,手拉手的一男一女: 中等-深肤色较浅肤色
👩🏾‍🤝‍👨🏼,手拉手的一男一女: 中等-深肤色中等-浅肤色
👩🏾‍🤝‍👨🏽,手拉手的一男一女: 中等-深肤色中等肤色
👩🏾‍🤝‍👨🏿,手拉手的一男一女: 中等-深肤色较深肤色
👩🏾‍🤝‍👩🏻,手拉手的两个女人: 中等-深肤色较浅肤色
👩🏾‍🤝‍👩🏼,手拉手的两个女人: 中等-深肤色中等-浅肤色
👩🏾‍🤝‍👩🏽,手拉手的两个女人: 中等-深肤色中等肤色
👩🏾‍🤝‍👩🏿,手拉手的两个女人: 中等-深肤色较深肤色
👩🏿‍❤‍👨🏻,情侣: 女人男人较深肤色较浅肤色
👩🏿‍❤‍👨🏼,情侣: 女人男人较深肤色中等-浅肤色
👩🏿‍❤‍👨🏽,情侣: 女人男人较深肤色中等肤色
👩🏿‍❤‍👨🏾,情侣: 女人男人较深肤色中等-深肤色
👩🏿‍❤‍👨🏿,情侣: 女人男人较深肤色
👩🏿‍❤‍👩🏻,情侣: 女人女人较深肤色较浅肤色
👩🏿‍❤‍👩🏼,情侣: 女人女人较深肤色中等-浅肤色
👩🏿‍❤‍👩🏽,情侣: 女人女人较深肤色中等肤色
👩🏿‍❤‍👩🏾,情侣: 女人女人较深肤色中等-深肤色
👩🏿‍❤‍👩🏿,情侣: 女人女人较深肤色
👩🏿‍❤‍💋‍👨🏻,亲吻: 女人男人较深肤色较浅肤色
👩🏿‍❤‍💋‍👨🏼,亲吻: 女人男人较深肤色中等-浅肤色
👩🏿‍❤‍💋‍👨🏽,亲吻: 女人男人较深肤色中等肤色
👩🏿‍❤‍💋‍👨🏾,亲吻: 女人男人较深肤色中等-深肤色
👩🏿‍❤‍💋‍👨🏿,亲吻: 女人男人较深肤色
👩🏿‍❤‍💋‍👩🏻,亲吻: 女人女人较深肤色较浅肤色
👩🏿‍❤‍💋‍👩🏼,亲吻: 女人女人较深肤色中等-浅肤色
👩🏿‍❤‍💋‍👩🏽,亲吻: 女人女人较深肤色中等肤色
👩🏿‍❤‍💋‍👩🏾,亲吻: 女人女人较深肤色中等-深肤色
👩🏿‍❤‍💋‍👩🏿,亲吻: 女人女人较深肤色
👩🏿‍❤️‍👨🏻,情侣: 女人男人较深肤色较浅肤色
👩🏿‍❤️‍👨🏼,情侣: 女人男人较深肤色中等-浅肤色
👩🏿‍❤️‍👨🏽,情侣: 女人男人较深肤色中等肤色
👩🏿‍❤️‍👨🏾,情侣: 女人男人较深肤色中等-深肤色
👩🏿‍❤️‍👨🏿,情侣: 女人男人较深肤色
👩🏿‍❤️‍👩🏻,情侣: 女人女人较深肤色较浅肤色
👩🏿‍❤️‍👩🏼,情侣: 女人女人较深肤色中等-浅肤色
👩🏿‍❤️‍👩🏽,情侣: 女人女人较深肤色中等肤色
👩🏿‍❤️‍👩🏾,情侣: 女人女人较深肤色中等-深肤色
👩🏿‍❤️‍👩🏿,情侣: 女人女人较深肤色
👩🏿‍❤️‍💋‍👨🏻,亲吻: 女人男人较深肤色较浅肤色
👩🏿‍❤️‍💋‍👨🏼,亲吻: 女人男人较深肤色中等-浅肤色
👩🏿‍❤️‍💋‍👨🏽,亲吻: 女人男人较深肤色中等肤色
👩🏿‍❤️‍💋‍👨🏾,亲吻: 女人男人较深肤色中等-深肤色
👩🏿‍❤️‍💋‍👨🏿,亲吻: 女人男人较深肤色
👩🏿‍❤️‍💋‍👩🏻,亲吻: 女人女人较深肤色较浅肤色
👩🏿‍❤️‍💋‍👩🏼,亲吻: 女人女人较深肤色中等-浅肤色
👩🏿‍❤️‍💋‍👩🏽,亲吻: 女人女人较深肤色中等肤色
👩🏿‍❤️‍💋‍👩🏾,亲吻: 女人女人较深肤色中等-深肤色
👩🏿‍❤️‍💋‍👩🏿,亲吻: 女人女人较深肤色
👩🏿‍🤝‍👨🏻,手拉手的一男一女: 较深肤色较浅肤色
👩🏿‍🤝‍👨🏼,手拉手的一男一女: 较深肤色中等-浅肤色
👩🏿‍🤝‍👨🏽,手拉手的一男一女: 较深肤色中等肤色
👩🏿‍🤝‍👨🏾,手拉手的一男一女: 较深肤色中等-深肤色
👩🏿‍🤝‍👩🏻,手拉手的两个女人: 较深肤色较浅肤色
👩🏿‍🤝‍👩🏼,手拉手的两个女人: 较深肤色中等-浅肤色
👩🏿‍🤝‍👩🏽,手拉手的两个女人: 较深肤色中等肤色
👩🏿‍🤝‍👩🏾,手拉手的两个女人: 较深肤色中等-深肤色
👪,家庭
👫,手拉手的一男一女
👫🏻,手拉手的一男一女: 较浅肤色
👫🏼,手拉手的一男一女: 中等-浅肤色
👫🏽,手拉手的一男一女: 中等肤色
👫🏾,手拉手的一男一女: 中等-深肤色
👫🏿,手拉手的一男一女: 较深肤色
👬,手拉手的两个男人
👬🏻,手拉手的两个男人: 较浅肤色
👬🏼,手拉手的两个男人: 中等-浅肤色
👬🏽,手拉手的两个男人: 中等肤色
👬🏾,手拉手的两个男人: 中等-深肤色
👬🏿,手拉手的两个男人: 较深肤色
👭,手拉手的两个女人
👭🏻,手拉手的两个女人: 较浅肤色
👭🏼,手拉手的两个女人: 中等-浅肤色
👭🏽,手拉手的两个女人: 中等肤色
👭🏾,手拉手的两个女人: 中等-深肤色
👭🏿,手拉手的两个女人: 较深肤色
💏,亲吻
💏🏻,亲吻: 较浅肤色
💏🏼,亲吻: 中等-浅肤色
💏🏽,亲吻: 中等肤色
💏🏾,亲吻: 中等-深肤色
💏🏿,亲吻: 较深肤色
💑,情侣
💑🏻,情侣: 较浅肤色
💑🏼,情侣: 中等-浅肤色
💑🏽,情侣: 中等肤色
💑🏾,情侣: 中等-深肤色
💑🏿,情侣: 较深肤色
🧑‍🤝‍🧑,手拉手的两个人
🧑🏻‍❤‍💋‍🧑🏼,亲吻: 成人成人较浅肤色中等-浅肤色
🧑🏻‍❤‍💋‍🧑🏽,亲吻: 成人成人较浅肤色中等肤色
🧑🏻‍❤‍💋‍🧑🏾,亲吻: 成人成人较浅肤色中等-深肤色
🧑🏻‍❤‍💋‍🧑🏿,亲吻: 成人成人较浅肤色较深肤色
🧑🏻‍❤‍🧑🏼,情侣: 成人成人较浅肤色中等-浅肤色
🧑🏻‍❤‍🧑🏽,情侣: 成人成人较浅肤色中等肤色
🧑🏻‍❤‍🧑🏾,情侣: 成人成人较浅肤色中等-深肤色
🧑🏻‍❤‍🧑🏿,情侣: 成人成人较浅肤色较深肤色
🧑🏻‍❤️‍💋‍🧑🏼,亲吻: 成人成人较浅肤色中等-浅肤色
🧑🏻‍❤️‍💋‍🧑🏽,亲吻: 成人成人较浅肤色中等肤色
🧑🏻‍❤️‍💋‍🧑🏾,亲吻: 成人成人较浅肤色中等-深肤色
🧑🏻‍❤️‍💋‍🧑🏿,亲吻: 成人成人较浅肤色较深肤色
🧑🏻‍❤️‍🧑🏼,情侣: 成人成人较浅肤色中等-浅肤色
🧑🏻‍❤️‍🧑🏽,情侣: 成人成人较浅肤色中等肤色
🧑🏻‍❤️‍🧑🏾,情侣: 成人成人较浅肤色中等-深肤色
🧑🏻‍❤️‍🧑🏿,情侣: 成人成人较浅肤色较深肤色
🧑🏻‍🤝‍🧑🏻,手拉手的两个人: 较浅肤色
🧑🏻‍🤝‍🧑🏼,手拉手的两个人: 较浅肤色中等-浅肤色
🧑🏻‍🤝‍🧑🏽,手拉手的两个人: 较浅肤色中等肤色
🧑🏻‍🤝‍🧑🏾,手拉手的两个人: 较浅肤色中等-深肤色
🧑🏻‍🤝‍🧑🏿,手拉手的两个人: 较浅肤色较深肤色
🧑🏼‍❤‍💋‍🧑🏻,亲吻: 成人成人中等-浅肤色较浅肤色
🧑🏼‍❤‍💋‍🧑🏽,亲吻: 成人成人中等-浅肤色中等肤色
🧑🏼‍❤‍💋‍🧑🏾,亲吻: 成人成人中等-浅肤色中等-深肤色
🧑🏼‍❤‍💋‍🧑🏿,亲吻: 成人成人中等-浅肤色较深肤色
🧑🏼‍❤‍🧑🏻,情侣: 成人成人中等-浅肤色较浅肤色
🧑🏼‍❤‍🧑🏽,情侣: 成人成人中等-浅肤色中等肤色
🧑🏼‍❤‍🧑🏾,情侣: 成人成人中等-浅肤色中等-深肤色
🧑🏼‍❤‍🧑🏿,情侣: 成人成人中等-浅肤色较深肤色
🧑🏼‍❤️‍💋‍🧑🏻,亲吻: 成人成人中等-浅肤色较浅肤色
🧑🏼‍❤️‍💋‍🧑🏽,亲吻: 成人成人中等-浅肤色中等肤色
🧑🏼‍❤️‍💋‍🧑🏾,亲吻: 成人成人中等-浅肤色中等-深肤色
🧑🏼‍❤️‍💋‍🧑🏿,亲吻: 成人成人中等-浅肤色较深肤色
🧑🏼‍❤️‍🧑🏻,情侣: 成人成人中等-浅肤色较浅肤色
🧑🏼‍❤️‍🧑🏽,情侣: 成人成人中等-浅肤色中等肤色
🧑🏼‍❤️‍🧑🏾,情侣: 成人成人中等-浅肤色中等-深肤色
🧑🏼‍❤️‍🧑🏿,情侣: 成人成人中等-浅肤色较深肤色
🧑🏼‍🤝‍🧑🏻,手拉手的两个人: 中等-浅肤色较浅肤色
🧑🏼‍🤝‍🧑🏼,手拉手的两个人: 中等-浅肤色
🧑🏼‍🤝‍🧑🏽,手拉手的两个人: 中等-浅肤色中等肤色
🧑🏼‍🤝‍🧑🏾,手拉手的两个人: 中等-浅肤色中等-深肤色
🧑🏼‍🤝‍🧑🏿,手拉手的两个人: 中等-浅肤色较深肤色
🧑🏽‍❤‍💋‍🧑🏻,亲吻: 成人成人中等肤色较浅肤色
🧑🏽‍❤‍💋‍🧑🏼,亲吻: 成人成人中等肤色中等-浅肤色
🧑🏽‍❤‍💋‍🧑🏾,亲吻: 成人成人中等肤色中等-深肤色
🧑🏽‍❤‍💋‍🧑🏿,亲吻: 成人成人中等肤色较深肤色
🧑🏽‍❤‍🧑🏻,情侣: 成人成人中等肤色较浅肤色
🧑🏽‍❤‍🧑🏼,情侣: 成人成人中等肤色中等-浅肤色
🧑🏽‍❤‍🧑🏾,情侣: 成人成人中等肤色中等-深肤色
🧑🏽‍❤‍🧑🏿,情侣: 成人成人中等肤色较深肤色
🧑🏽‍❤️‍💋‍🧑🏻,亲吻: 成人成人中等肤色较浅肤色
🧑🏽‍❤️‍💋‍🧑🏼,亲吻: 成人成人中等肤色中等-浅肤色
🧑🏽‍❤️‍💋‍🧑🏾,亲吻: 成人成人中等肤色中等-深肤色
🧑🏽‍❤️‍💋‍🧑🏿,亲吻: 成人成人中等肤色较深肤色
🧑🏽‍❤️‍🧑🏻,情侣: 成人成人中等肤色较浅肤色
🧑🏽‍❤️‍🧑🏼,情侣: 成人成人中等肤色中等-浅肤色
🧑🏽‍❤️‍🧑🏾,情侣: 成人成人中等肤色中等-深肤色
🧑🏽‍❤️‍🧑🏿,情侣: 成人成人中等肤色较深肤色
🧑🏽‍🤝‍🧑🏻,手拉手的两个人: 中等肤色较浅肤色
🧑🏽‍🤝‍🧑🏼,手拉手的两个人: 中等肤色中等-浅肤色
🧑🏽‍🤝‍🧑🏽,手拉手的两个人: 中等肤色
🧑🏽‍🤝‍🧑🏾,手拉手的两个人: 中等肤色中等-深肤色
🧑🏽‍🤝‍🧑🏿,手拉手的两个人: 中等肤色较深肤色
🧑🏾‍❤‍💋‍🧑🏻,亲吻: 成人成人中等-深肤色较浅肤色
🧑🏾‍❤‍💋‍🧑🏼,亲吻: 成人成人中等-深肤色中等-浅肤色
🧑🏾‍❤‍💋‍🧑🏽,亲吻: 成人成人中等-深肤色中等肤色
🧑🏾‍❤‍💋‍🧑🏿,亲吻: 成人成人中等-深肤色较深肤色
🧑🏾‍❤‍🧑🏻,情侣: 成人成人中等-深肤色较浅肤色
🧑🏾‍❤‍🧑🏼,情侣: 成人成人中等-深肤色中等-浅肤色
🧑🏾‍❤‍🧑🏽,情侣: 成人成人中等-深肤色中等肤色
🧑🏾‍❤‍🧑🏿,情侣: 成人成人中等-深肤色较深肤色
🧑🏾‍❤️‍💋‍🧑🏻,亲吻: 成人成人中等-深肤色较浅肤色
🧑🏾‍❤️‍💋‍🧑🏼,亲吻: 成人成人中等-深肤色中等-浅肤色
🧑🏾‍❤️‍💋‍🧑🏽,亲吻: 成人成人中等-深肤色中等肤色
🧑🏾‍❤️‍💋‍🧑🏿,亲吻: 成人成人中等-深肤色较深肤色
🧑🏾‍❤️‍🧑🏻,情侣: 成人成人中等-深肤色较浅肤色
🧑🏾‍❤️‍🧑🏼,情侣: 成人成人中等-深肤色中等-浅肤色
🧑🏾‍❤️‍🧑🏽,情侣: 成人成人中等-深肤色中等肤色
🧑🏾‍❤️‍🧑🏿,情侣: 成人成人中等-深肤色较深肤色
🧑🏾‍🤝‍🧑🏻,手拉手的两个人: 中等-深肤色较浅肤色
🧑🏾‍🤝‍🧑🏼,手拉手的两个人: 中等-深肤色中等-浅肤色
🧑🏾‍🤝‍🧑🏽,手拉手的两个人: 中等-深肤色中等肤色
🧑🏾‍🤝‍🧑🏾,手拉手的两个人: 中等-深肤色
🧑🏾‍🤝‍🧑🏿,手拉手的两个人: 中等-深肤色较深肤色
🧑🏿‍❤‍💋‍🧑🏻,亲吻: 成人成人较深肤色较浅肤色
🧑🏿‍❤‍💋‍🧑🏼,亲吻: 成人成人较深肤色中等-浅肤色
🧑🏿‍❤‍💋‍🧑🏽,亲吻: 成人成人较深肤色中等肤色
🧑🏿‍❤‍💋‍🧑🏾,亲吻: 成人成人较深肤色中等-深肤色
🧑🏿‍❤‍🧑🏻,情侣: 成人成人较深肤色较浅肤色
🧑🏿‍❤‍🧑🏼,情侣: 成人成人较深肤色中等-浅肤色
🧑🏿‍❤‍🧑🏽,情侣: 成人成人较深肤色中等肤色
🧑🏿‍❤‍🧑🏾,情侣: 成人成人较深肤色中等-深肤色
🧑🏿‍❤️‍💋‍🧑🏻,亲吻: 成人成人较深肤色较浅肤色
🧑🏿‍❤️‍💋‍🧑🏼,亲吻: 成人成人较深肤色中等-浅肤色
🧑🏿‍❤️‍💋‍🧑🏽,亲吻: 成人成人较深肤色中等肤色
🧑🏿‍❤️‍💋‍🧑🏾,亲吻: 成人成人较深肤色中等-深肤色
🧑🏿‍❤️‍🧑🏻,情侣: 成人成人较深肤色较浅肤色
🧑🏿‍❤️‍🧑🏼,情侣: 成人成人较深肤色中等-浅肤色
🧑🏿‍❤️‍🧑🏽,情侣: 成人成人较深肤色中等肤色
🧑🏿‍❤️‍🧑🏾,情侣: 成人成人较深肤色中等-深肤色
🧑🏿‍🤝‍🧑🏻,手拉手的两个人: 较深肤色较浅肤色
🧑🏿‍🤝‍🧑🏼,手拉手的两个人: 较深肤色中等-浅肤色
🧑🏿‍🤝‍🧑🏽,手拉手的两个人: 较深肤色中等肤色
🧑🏿‍🤝‍🧑🏾,手拉手的两个人: 较深肤色中等-深肤色
🧑🏿‍🤝‍🧑🏿,手拉手的两个人: 较深肤色
👣,脚印
👤,人像
👥,双人像
🗣,说话
🫂,人的拥抱
🏻,较浅肤色
🏼,中等-浅肤色
🏽,中等肤色
🏾,中等-深肤色
🏿,较深肤色
🦰,红发
🦱,卷发
🦲,秃顶
🦳,白发
🐀,耗子
🐁,老鼠
🐂,公牛
🐃,水牛
🐄,奶牛
🐅,老虎
🐆,豹子
🐇,兔子
🐈,猫
🐈‍⬛,黑猫
🐎,马
🐏,公羊
🐐,山羊
🐑,母羊
🐒,猴子
🐕,狗
🐕‍🦺,服务犬
🐖,猪
🐗,野猪
🐘,大象
🐨,考拉
🐩,贵宾犬
🐪,骆驼
🐫,双峰骆驼
🐭,老鼠头
🐮,奶牛头
🐯,老虎头
🐰,兔子头
🐱,猫脸
🐴,马头
🐵,猴头
🐶,狗脸
🐷,猪头
🐹,仓鼠
🐺,狼
🐻,熊
🐻‍❄,北极熊
🐻‍❄️,北极熊
🐼,熊猫
🐽,猪鼻子
🐾,爪印
🐿,松鼠
🦁,狮子
🦄,独角兽
🦇,蝙蝠
🦊,狐狸
🦌,鹿
🦍,大猩猩
🦏,犀牛
🦒,长颈鹿
🦓,斑马
🦔,刺猬
🦘,袋鼠
🦙,美洲鸵
🦛,河马
🦝,浣熊
🦡,獾
🦣,猛犸
🦥,树懒
🦦,水獭
🦧,红毛猩猩
🦨,臭鼬
🦫,海狸
🦬,大野牛
🦮,导盲犬
🫎,驼鹿
🫏,驴
🐓,公鸡
🐔,鸡
🐣,小鸡破壳
🐤,小鸡
🐥,正面朝向的小鸡
🐦,鸟
🐦‍⬛,黑鸟
🐧,企鹅
🕊,鸽
🦃,火鸡
🦅,鹰
🦆,鸭子
🦉,猫头鹰
🦚,孔雀
🦜,鹦鹉
🦢,天鹅
🦤,渡渡鸟
🦩,火烈鸟
🪶,羽毛
🪽,翅膀
🪿,鹅
🐸,青蛙
🐉,龙
🐊,鳄鱼
🐍,蛇
🐢,龟
🐲,龙头
🦎,蜥蜴
🦕,蜥蜴类
🦖,霸王龙
🐋,鲸鱼
🐙,章鱼
🐚,海螺
🐟,鱼
🐠,热带鱼
🐡,河豚
🐬,海豚
🐳,喷水的鲸
🦈,鲨鱼
🦭,海豹
🪸,珊瑚
🪼,水母
🐌,蜗牛
🐛,毛毛虫
🐜,蚂蚁
🐝,蜜蜂
🐞,瓢虫
🕷,蜘蛛
🕸,蜘蛛网
🦂,蝎子
🦋,蝴蝶
🦗,蟋蟀
🦟,蚊子
🦠,细菌
🪰,苍蝇
🪱,蠕虫
🪲,甲虫
🪳,蟑螂
🌷,郁金香
🌸,樱花
🌹,玫瑰
🌺,芙蓉
🌻,向日葵
🌼,开花
🏵,圆形花饰
💐,花束
💮,白花
🥀,枯萎的花
🪷,莲花
🪻,风信子
☘,三叶草
🌱,幼苗
🌲,松树
🌳,落叶树
🌴,棕榈树
🌵,仙人掌
🌾,稻子
🌿,药草
🍀,四叶草
🍁,枫叶
🍂,落叶
🍃,风吹叶落
🍄,蘑菇
🪴,盆栽植物
🪹,空巢
🪺,有蛋的巢
🍅,西红柿
🍇,葡萄
🍈,甜瓜
🍉,西瓜
🍊,橘子
🍋,柠檬
🍌,香蕉
🍍,菠萝
🍎,红苹果
🍏,青苹果
🍐,梨
🍑,桃
🍒,樱桃
🍓,草莓
🥝,猕猴桃
🥥,椰子
🥭,芒果
🫐,蓝莓
🫒,橄榄
🌰,栗子
🌶,红辣椒
🌽,玉米
🍆,茄子
🥑,鳄梨
🥒,黄瓜
🥔,土豆
🥕,胡萝卜
🥜,花生
🥦,西兰花
🥬,绿叶蔬菜
🧄,蒜
🧅,洋葱
🫑,灯笼椒
🫘,豆
🫚,姜
🫛,豌豆荚
🌭,热狗
🌮,墨西哥卷饼
🌯,墨西哥玉米煎饼
🍔,汉堡
🍕,披萨
🍖,排骨
🍗,家禽的腿
🍞,面包
🍟,薯条
🍲,一锅食物
🍳,煎蛋
🍿,爆米花
🥐,羊角面包
🥓,培根
🥖,法式长棍面包
🥗,绿色沙拉
🥘,装有食物的浅底锅
🥙,夹心饼
🥚,蛋
🥞,烙饼
🥣,碗勺
🥨,椒盐卷饼
🥩,肉块
🥪,三明治
🥫,罐头食品
🥯,面包圈
🧀,芝士
🧂,盐
🧆,炸豆丸子
🧇,华夫饼
🧈,黄油
🫓,扁面包
🫔,墨西哥粽子
🫕,奶酪火锅
🍘,米饼
🍙,饭团
🍚,米饭
🍛,咖喱饭
🍜,面条
🍝,意粉
🍠,烤红薯
🍡,团子
🍢,关东煮
🍣,寿司
🍤,天妇罗
🍥,鱼板
🍱,盒饭
🥟,饺子
🥠,幸运饼干
🥡,外卖盒
🥮,月饼
🦀,蟹
🦐,虾
🦑,乌贼
🦞,龙虾
🦪,牡蛎
🍦,圆筒冰激凌
🍧,刨冰
🍨,冰淇淋
🍩,甜甜圈
🍪,饼干
🍫,巧克力
🍬,糖
🍭,棒棒糖
🍮,奶黄
🍯,蜂蜜
🍰,水果蛋糕
🎂,生日蛋糕
🥧,派
🧁,纸杯蛋糕
☕,热饮
🍵,热茶
🍶,清酒
🍷,葡萄酒
🍸,鸡尾酒
🍹,热带水果饮料
🍺,啤酒
🍻,干杯
🍼,奶瓶
🍾,开香槟
🥂,碰杯
🥃,平底杯
🥛,一杯奶
🥤,带吸管杯
🧃,饮料盒
🧉,马黛茶
🧊,冰块
🧋,珍珠奶茶
🫖,茶壶
🫗,倾倒液体
🍴,刀叉
🍽,餐具
🏺,双耳瓶
🔪,菜刀
🥄,匙
🥢,筷子
🫙,罐
🌍,地球上的欧洲非洲
🌎,地球上的美洲
🌏,地球上的亚洲澳洲
🌐,带经纬线的地球
🗺,世界地图
🗾,日本地图
🧭,指南针
⛰,山
🌋,火山
🏔,雪山
🏕,露营
🏖,沙滩伞
🏜,沙漠
🏝,无人荒岛
🏞,国家公园
🗻,富士山
🏗,施工
🏘,房屋建筑
🏚,废墟
🏛,古典建筑
🏟,体育馆
🏠,房子
🏡,别墅
🏢,办公楼
🏣,日本邮局
🏤,邮局
🏥,医院
🏦,银行
🏨,酒店
🏩,情人酒店
🏪,便利店
🏫,学校
🏬,商场
🏭,工厂
🏯,日本城堡
🏰,欧洲城堡
💒,婚礼
🗼,东京塔
🗽,自由女神像
🛖,小屋
🧱,砖
🪨,岩石
🪵,木头
⛩,神社
⛪,教堂
🕋,克尔白
🕌,清真寺
🕍,犹太教堂
🛕,印度寺庙
♨,温泉
⛲,喷泉
⛺,帐篷
🌁,有雾
🌃,夜晚
🌄,山顶日出
🌅,日出
🌆,城市黄昏
🌇,日落
🌉,夜幕下的桥
🎠,旋转木马
🎡,摩天轮
🎢,过山车
🎪,马戏团帐篷
🏙,城市风光
💈,理发店
🛝,游乐场滑梯
⛽,油泵
🏍,摩托车
🏎,赛车
🚂,蒸汽火车
🚃,轨道车
🚄,高速列车
🚅,子弹头高速列车
🚆,火车
🚇,地铁
🚈,轻轨
🚉,车站
🚊,路面电车
🚋,有轨电车
🚌,公交车
🚍,迎面驶来的公交车
🚎,无轨电车
🚏,公交车站
🚐,小巴
🚑,救护车
🚒,消防车
🚓,警车
🚔,迎面驶来的警车
🚕,出租车
🚖,迎面驶来的出租车
🚗,汽车
🚘,迎面驶来的汽车
🚙,运动型多用途车
🚚,货车
🚛,铰接式货车
🚜,拖拉机
🚝,单轨
🚞,山区铁路
🚥,横向的红绿灯
🚦,纵向的红绿灯
🚧,路障
🚨,警车灯
🚲,自行车
🛑,停止标志
🛞,车轮
🛢,石油桶
🛣,高速公路
🛤,铁轨
🛴,滑板车
🛵,小型摩托车
🛹,滑板
🛺,三轮摩托车
🛻,敞蓬小型载货卡车
🛼,四轮滑冰鞋
🦼,残疾
🦽,残疾
⚓,锚
⛴,渡轮
⛵,帆船
🚢,船
🚤,快艇
🛟,救生圈
🛥,摩托艇
🛳,客轮
🛶,独木舟
✈,飞机
💺,座位
🚀,火箭
🚁,直升机
🚟,空轨
🚠,缆车
🚡,索道
🛩,小型飞机
🛫,航班起飞
🛬,航班降落
🛰,卫星
🛸,飞碟
🪂,降落伞
🛎,服务铃
🧳,行李箱
⌚,手表
⌛,沙漏
⏰,闹钟
⏱,秒表
⏲,定时器
⏳,沙正往下流的沙漏
🕐,一点
🕑,两点
🕒,三点
🕓,四点
🕔,五点
🕕,六点
🕖,七点
🕗,八点
🕘,九点
🕙,十点
🕚,十一点
🕛,十二点
🕜,一点半
🕝,两点半
🕞,三点半
🕟,四点半
🕠,五点半
🕡,六点半
🕢,七点半
🕣,八点半
🕤,九点半
🕥,十点半
🕦,十一点半
🕧,十二点半
🕰,座钟
☀,太阳
☁,云
☂,伞
☃,雪与雪人
☄,彗星
☔,雨伞
⚡,高压
⛄,雪人
⛅,多云
⛈,雷阵雨
⛱,阳伞
❄,雪花
⭐,星星
🌀,台风
🌂,收起的伞
🌈,彩虹
🌊,浪花
🌌,银河
🌑,朔月
🌒,娥眉月
🌓,上弦月
🌔,盈凸月
🌕,满月
🌖,亏凸月
🌗,下弦月
🌘,残月
🌙,弯月
🌚,微笑的朔月
🌛,微笑的上弦月
🌜,微笑的下弦月
🌝,微笑的月亮
🌞,微笑的太阳
🌟,闪亮的星星
🌠,流星
🌡,温度计
🌤,晴偶有云
🌥,多云
🌦,晴转雨
🌧,下雨
🌨,下雪
🌩,打雷
🌪,龙卷风
🌫,雾
🌬,大风
💧,水滴
🔥,火焰
🪐,有环行星
✨,闪亮
🎀,蝴蝶结
🎁,礼物
🎃,南瓜灯
🎄,圣诞树
🎆,焰火
🎇,烟花
🎈,气球
🎉,拉炮彩带
🎊,五彩纸屑球
🎋,七夕树
🎍,门松
🎎,日本人形
🎏,鲤鱼旗
🎐,风铃
🎑,赏月
🎗,提示丝带
🎟,入场券
🎫,票
🧧,红包
🧨,爆竹
🎖,军功章
🏅,奖牌
🏆,奖杯
🥇,金牌
🥈,银牌
🥉,铜牌
⚽,足球
⚾,棒球
⛳,高尔夫球洞
⛸,滑冰
🎣,钓鱼竿
🎳,保龄球
🎽,运动背心
🎾,网球
🎿,滑雪
🏀,篮球
🏈,美式橄榄球
🏉,英式橄榄球
🏏,板球
🏐,排球
🏑,曲棍球
🏒,冰球
🏓,乒乓球
🏸,羽毛球
🛷,雪橇
🤿,潜水面罩
🥅,球门
🥊,拳击手套
🥋,练武服
🥌,冰壶
🥍,袋棍球
🥎,垒球
🥏,飞盘
♟,兵
♠,黑桃
♣,梅花
♥,红桃
♦,方片
🀄,红中
🃏,大小王
🎮,游戏手柄
🎯,正中靶心的飞镖
🎰,老虎机
🎱,台球
🎲,骰子
🎴,花札
🔫,水枪
🔮,水晶球
🕹,游戏操控杆
🧩,拼图
🧸,泰迪熊
🪀,悠悠球
🪁,风筝
🪄,魔棒
🪅,彩罐
🪆,套娃
🪩,镜球
🎨,调色盘
🎭,表演艺术
🖼,带框的画
🧵,线
🧶,毛线
🪡,缝合针
🪢,结
⛑,白十字头盔
🎒,书包
🎓,毕业帽
🎩,礼帽
👑,皇冠
👒,女帽
👓,眼镜
👔,领带
👕,T恤
👖,牛仔裤
👗,连衣裙
👘,和服
👙,比基尼
👚,女装
👛,钱包
👜,手提包
👝,手袋
👞,男鞋
👟,跑鞋
👠,高跟鞋
👡,女式凉鞋
👢,女靴
💄,唇膏
💍,戒指
💎,宝石
📿,念珠
🕶,墨镜
🛍,购物袋
🥻,纱丽
🥼,白大褂
🥽,护目镜
🥾,登山鞋
🥿,平底鞋
🦺,救生衣
🧢,鸭舌帽
🧣,围巾
🧤,手套
🧥,外套
🧦,袜子
🩰,芭蕾舞鞋
🩱,连体泳衣
🩲,三角裤
🩳,短裤
🩴,夹趾凉鞋
🪖,军用头盔
🪭,折扇
🪮,发夹
📢,喇叭
📣,扩音器
📯,邮号
🔇,已静音的扬声器
🔈,低音量的扬声器
🔉,中等音量的扬声器
🔊,高音量的扬声器
🔔,铃铛
🔕,禁止响铃
🎙,录音室麦克风
🎚,电平滑块
🎛,控制旋钮
🎤,麦克风
🎧,耳机
🎵,音符
🎶,多个音符
🎼,乐谱
📻,收音机
🎷,萨克斯管
🎸,吉他
🎹,音乐键盘
🎺,小号
🎻,小提琴
🥁,鼓
🪇,沙球
🪈,长笛
🪕,班卓琴
🪗,手风琴
🪘,长鼓
☎,电话
📞,电话听筒
📟,寻呼机
📠,传真机
📱,手机
📲,带有箭头的手机
⌨,键盘
💻,笔记本电脑
💽,电脑光盘
💾,软盘
💿,光盘
📀,DVD
🔋,电池
🔌,电源插头
🖥,台式电脑
🖨,打印机
🖱,电脑鼠标
🖲,轨迹球
🧮,算盘
🪫,电池电量不足
🎞,影片帧
🎥,电影摄影机
🎬,场记板
🏮,红灯笼
💡,灯泡
📷,相机
📸,开闪光灯的相机
📹,摄像机
📺,电视机
📼,录像带
📽,电影放映机
🔍,左斜的放大镜
🔎,右斜的放大镜
🔦,手电筒
🕯,蜡烛
🪔,印度油灯
🏷,标签
📃,带卷边的页面
📄,文件
📑,标签页
📒,账本
📓,笔记本
📔,精装笔记本
📕,合上的书本
📖,打开的书本
📗,绿色书本
📘,蓝色书本
📙,橙色书本
📚,书
📜,卷轴
📰,报纸
🔖,书签
🗞,报纸卷
💰,钱袋
💳,信用卡
💴,日元
💵,美元
💶,欧元
💷,英镑
💸,长翅膀的钱
💹,趋势向上且带有日元符号的图表
🧾,收据
🪙,硬币
✉,信封
📤,发件箱
📥,收件箱
📦,包裹
📧,电子邮件
📨,来信
📩,收邮件
📪,无待收信件
📫,有待收信件
📬,有新信件
📭,无新信件
📮,邮筒
🗳,投票箱
✏,铅笔
✒,钢笔尖
📝,备忘录
🖊,笔
🖋,钢笔
🖌,画笔
🖍,蜡笔
✂,剪刀
💼,公文包
📁,文件夹
📂,打开的文件夹
📅,日历
📆,手撕日历
📇,卡片索引
📈,趋势向上的图表
📉,趋势向下的图表
📊,条形图
📋,剪贴板
📌,图钉
📍,圆图钉
📎,回形针
📏,直尺
📐,三角尺
🖇,连起来的两个回形针
🗂,索引分隔文件夹
🗃,卡片盒
🗄,文件柜
🗑,垃圾桶
🗒,线圈本
🗓,线圈日历
🔏,墨水笔和锁
🔐,钥匙和锁
🔑,钥匙
🔒,合上的锁
🔓,打开的锁
🗝,老式钥匙
⚒,锤子与镐
⚔,交叉放置的剑
⚖,天平
⚙,齿轮
⛏,铁镐
⛓,链条
🏹,弓和箭
💣,炸弹
🔗,链接
🔧,扳手
🔨,锤子
🔩,螺母与螺栓
🗜,夹钳
🗡,匕首
🛠,锤子与扳手
🛡,盾牌
🦯,盲杖
🧰,工具箱
🧲,磁铁
🪃,回旋镖
🪓,斧头
🪚,木工锯
🪛,螺丝刀
🪜,梯子
🪝,挂钩
⚗,蒸馏器
📡,卫星天线
🔬,显微镜
🔭,望远镜
🧪,试管
🧫,培养皿
🧬,DNA
💉,注射器
💊,药丸
🩸,血滴
🩹,创可贴
🩺,听诊器
🩻,X射线
🩼,拐杖
🚪,门
🚽,马桶
🚿,淋浴
🛁,浴缸
🛋,沙发和灯
🛏,床
🛒,购物车
🛗,电梯
🧯,灭火器
🧴,乳液瓶
🧷,安全别针
🧹,扫帚
🧺,筐
🧻,卷纸
🧼,皂
🧽,海绵
🪑,椅子
🪒,剃须刀
🪞,镜子
🪟,窗户
🪠,活塞
🪣,桶
🪤,捕鼠器
🪥,牙刷
🫧,气泡
⚰,棺材
⚱,骨灰缸
🗿,摩埃
🚬,香烟
🧿,纳扎尔护身符
🪦,墓碑
🪧,标语牌
🪪,身份证
🪬,法蒂玛之手
♿,残疾
🏧,取款机
🚮,倒垃圾
🚰,饮用水
🚹,男厕
🚺,女厕
🚻,卫生间
🚼,宝宝
🚾,厕所
🛂,护照检查
🛃,海关
🛄,提取行李
🛅,寄存行李
☢,辐射
☣,生物危害
⚠,警告
⛔,禁止通行
📵,禁止使用手机
🔞,18禁
🚫,禁止
🚭,禁止吸烟
🚯,禁止乱扔垃圾
🚱,非饮用水
🚳,禁止自行车
🚷,禁止行人通行
🚸,儿童过街
↔,左右箭头
↕,上下箭头
↖,左上箭头
↗,右上箭头
↘,右下箭头
↙,左下箭头
↩,右转弯箭头
↪,左转弯箭头
➡,向右箭头
⤴,右上弯箭头
⤵,右下弯箭头
⬅,向左箭头
⬆,向上箭头
⬇,向下箭头
🔃,顺时针垂直箭头
🔄,逆时针箭头按钮
🔙,返回箭头
🔚,结束箭头
🔛,ON! 箭头
🔜,SOON 箭头
🔝,置顶
☦,东正教十字架
☪,星月
☮,和平符号
☯,阴阳
☸,法轮
⚛,原子符号
✝,十字架
✡,六芒星
🔯,带中间点的六芒星
🕉,奥姆
🕎,烛台
🛐,宗教场所
🪯,坎达
♈,白羊座
♉,金牛座
♊,双子座
♋,巨蟹座
♌,狮子座
♍,处女座
♎,天秤座
♏,天蝎座
♐,射手座
♑,摩羯座
♒,水瓶座
♓,双鱼座
⛎,蛇夫座
⏏,推出按钮
⏩,快进按钮
⏪,快退按钮
⏫,快速上升按钮
⏬,快速下降按钮
⏭,下一个音轨按钮
⏮,上一个音轨按钮
⏯,播放或暂停按钮
⏸,暂停按钮
⏹,停止按钮
⏺,录制按钮
▶,播放按钮
◀,倒退按钮
🎦,电影院
📳,振动模式
📴,手机关机
📶,信号强度条
🔀,随机播放音轨按钮
🔁,重复按钮
🔂,重复一次按钮
🔅,低亮度按钮
🔆,高亮度按钮
🔼,向上三角形按钮
🔽,向下三角形按钮
🛜,无线
♀,女性符号
♂,男性符号
⚧,跨性别符号
♾,无穷大
✖,乘
➕,加
➖,减
➗,除
🟰,粗等号
‼,双感叹号
⁉,感叹疑问号
❓,红色问号
❔,白色问号
❕,白色感叹号
❗,红色感叹号
〰,波浪型破折号
💱,货币兑换
💲,粗美元符号
©,版权
®,注册
™,商标
☑,勾选框
♻,回收标志
⚕,医疗标志
⚜,百合花饰
✅,勾号按钮
✔,勾号
✳,八轮辐星号
✴,八角星
❇,火花
❌,叉号
❎,叉号按钮
➰,卷曲环
➿,双卷曲环
⭕,红色空心圆圈
〽,庵点
📛,姓名牌
🔰,日本新手驾驶标志
🔱,三叉戟徽章
#⃣,按键: #
#️⃣,按键: #
*⃣,按键: *
*️⃣,键帽：*
0⃣,按键: 0
0️⃣,0
1⃣,按键: 1
1️⃣,1
2⃣,按键: 2
2️⃣,2
3⃣,按键: 3
3️⃣,3
4⃣,按键: 4
4️⃣,4
5⃣,按键: 5
5️⃣,5
6⃣,按键: 6
6️⃣,6
7⃣,按键: 7
7️⃣,7
8⃣,按键: 8
8️⃣,键帽：8
9⃣,按键: 9
9️⃣,键帽：9
🔟,按键: 10
ℹ,信息
Ⓜ,圆圈包围的M
㊗,日文的“祝贺”按钮
㊙,日文的“秘密”按钮
🅰,A型血
🅱,B型血
🅾,O 型血
🅿,停车按钮
🆎,AB型血
🆑,CL按钮
🆒,cool按钮
🆓,免费按钮
🆔,ID按钮
🆕,new按钮
🆖,NG按钮
🆗,OK按钮
🆘,SOS按钮
🆙,up按钮
🆚,VS按钮
🈁,日文的“这里”按钮
🈂,日文的“服务费”按钮
🈚,日文的“免费”按钮
🈯,日文的“预留”按钮
🈲,日文的“禁止”按钮
🈳,日文的“有空位”按钮
🈴,日文的“合格”按钮
🈵,日文的“没有空位”按钮
🈶,日文的“收费”按钮
🈷,日文的“月总量”按钮
🈸,日文的“申请”按钮
🈹,日文的“打折”按钮
🈺,日文的“开始营业”按钮
🉐,日文的“议价”按钮
🉑,日文的“可接受”按钮
🔠,输入大写拉丁字母
🔡,输入小写拉丁字母
🔢,输入数字
🔣,输入符号
🔤,输入拉丁字母
▪,黑色小方块
▫,白色小方块
◻,白色中方块
◼,黑色中方块
◽,白色中小方块
◾,黑色中小方块
⚪,白色圆
⚫,黑色圆
⬛,黑线大方框
⬜,白线大方框
💠,带圆点的菱形
🔘,单选按钮
🔲,黑色方形按钮
🔳,白色方形按钮
🔴,红色圆
🔵,蓝色圆
🔶,橙色大菱形
🔷,蓝色大菱形
🔸,橙色小菱形
🔹,蓝色小菱形
🔺,红色正三角
🔻,红色倒三角
🟠,橙色圆
🟡,黄色圆
🟢,绿色圆
🟣,紫色圆
🟤,棕色圆
🟥,红色方块
🟦,蓝色方块
🟧,橙色方块
🟨,黄色方块
🟩,绿色方块
🟪,紫色方块
🟫,棕色方块
🎌,交叉旗
🏁,终点旗
🏳,举白旗
🏳‍⚧,跨性别旗
🏳‍⚧️,跨性别旗
🏳‍🌈,彩虹旗
🏳️‍⚧,跨性别旗
🏳️‍⚧️,跨性别旗
🏳️‍🌈,彩虹旗
🏴,举黑旗
🏴‍☠,海盗旗
🏴‍☠️,海盗旗
🚩,三角旗
🇦🇨,旗: 阿森松岛
🇦🇩,旗: 安道尔
🇦🇪,旗: 阿拉伯联合酋长国
🇦🇫,旗: 阿富汗
🇦🇬,旗: 安提瓜和巴布达
🇦🇮,旗: 安圭拉
🇦🇱,旗: 阿尔巴尼亚
🇦🇲,旗: 亚美尼亚
🇦🇴,旗: 安哥拉
🇦🇶,旗: 南极洲
🇦🇷,旗: 阿根廷
🇦🇸,旗: 美属萨摩亚
🇦🇹,旗: 奥地利
🇦🇺,旗: 澳大利亚
🇦🇼,旗: 阿鲁巴
🇦🇽,旗: 奥兰群岛
🇦🇿,旗: 阿塞拜疆
🇧🇦,旗: 波斯尼亚和黑塞哥维那
🇧🇧,旗: 巴巴多斯
🇧🇩,旗: 孟加拉国
🇧🇪,旗: 比利时
🇧🇫,旗: 布基纳法索
🇧🇬,旗: 保加利亚
🇧🇭,旗: 巴林
🇧🇮,旗: 布隆迪
🇧🇯,旗: 贝宁
🇧🇱,旗: 圣巴泰勒米
🇧🇲,旗: 百慕大
🇧🇳,旗: 文莱
🇧🇴,旗: 玻利维亚
🇧🇶,旗: 荷属加勒比区
🇧🇷,旗: 巴西
🇧🇸,旗: 巴哈马
🇧🇹,旗: 不丹
🇧🇻,旗: 布韦岛
🇧🇼,旗: 博茨瓦纳
🇧🇾,旗: 白俄罗斯
🇧🇿,旗: 伯利兹
🇨🇦,旗: 加拿大
🇨🇨,旗: 科科斯（基林）群岛
🇨🇩,旗: 刚果（金）
🇨🇫,旗: 中非共和国
🇨🇬,旗: 刚果（布）
🇨🇭,旗: 瑞士
🇨🇮,旗: 科特迪瓦
🇨🇰,旗: 库克群岛
🇨🇱,旗: 智利
🇨🇲,旗: 喀麦隆
🇨🇳,旗: 中国
🇨🇴,旗: 哥伦比亚
🇨🇵,旗: 克利珀顿岛
🇨🇷,旗: 哥斯达黎加
🇨🇺,旗: 古巴
🇨🇻,旗: 佛得角
🇨🇼,旗: 库拉索
🇨🇽,旗: 圣诞岛
🇨🇾,旗: 塞浦路斯
🇨🇿,旗: 捷克
🇩🇪,旗: 德国
🇩🇬,旗: 迪戈加西亚岛
🇩🇯,旗: 吉布提
🇩🇰,旗: 丹麦
🇩🇲,旗: 多米尼克
🇩🇴,旗: 多米尼加共和国
🇩🇿,旗: 阿尔及利亚
🇪🇦,旗: 休达及梅利利亚
🇪🇨,旗: 厄瓜多尔
🇪🇪,旗: 爱沙尼亚
🇪🇬,旗: 埃及
🇪🇭,旗: 西撒哈拉
🇪🇷,旗: 厄立特里亚
🇪🇸,旗: 西班牙
🇪🇹,旗: 埃塞俄比亚
🇪🇺,旗: 欧盟
🇫🇮,旗: 芬兰
🇫🇯,旗: 斐济
🇫🇰,旗: 福克兰群岛
🇫🇲,旗: 密克罗尼西亚
🇫🇴,旗: 法罗群岛
🇫🇷,旗: 法国
🇬🇦,旗: 加蓬
🇬🇧,旗: 英国
🇬🇩,旗: 格林纳达
🇬🇪,旗: 格鲁吉亚
🇬🇫,旗: 法属圭亚那
🇬🇬,旗: 根西岛
🇬🇭,旗: 加纳
🇬🇮,旗: 直布罗陀
🇬🇱,旗: 格陵兰
🇬🇲,旗: 冈比亚
🇬🇳,旗: 几内亚
🇬🇵,旗: 瓜德罗普
🇬🇶,旗: 赤道几内亚
🇬🇷,旗: 希腊
🇬🇸,旗: 南乔治亚和南桑威奇群岛
🇬🇹,旗: 危地马拉
🇬🇺,旗: 关岛
🇬🇼,旗: 几内亚比绍
🇬🇾,旗: 圭亚那
🇭🇰,旗: 中国香港特别行政区
🇭🇲,旗: 赫德岛和麦克唐纳群岛
🇭🇳,旗: 洪都拉斯
🇭🇷,旗: 克罗地亚
🇭🇹,旗: 海地
🇭🇺,旗: 匈牙利
🇮🇨,旗: 加纳利群岛
🇮🇩,旗: 印度尼西亚
🇮🇪,旗: 爱尔兰
🇮🇱,旗: 以色列
🇮🇲,旗: 马恩岛
🇮🇳,旗: 印度
🇮🇴,旗: 英属印度洋领地
🇮🇶,旗: 伊拉克
🇮🇷,旗: 伊朗
🇮🇸,旗: 冰岛
🇮🇹,旗: 意大利
🇯🇪,旗: 泽西岛
🇯🇲,旗: 牙买加
🇯🇴,旗: 约旦
🇯🇵,旗: 日本
🇰🇪,旗: 肯尼亚
🇰🇬,旗: 吉尔吉斯斯坦
🇰🇭,旗: 柬埔寨
🇰🇮,旗: 基里巴斯
🇰🇲,旗: 科摩罗
🇰🇳,旗: 圣基茨和尼维斯
🇰🇵,旗: 朝鲜
🇰🇷,旗: 韩国
🇰🇼,旗: 科威特
🇰🇾,旗: 开曼群岛
🇰🇿,旗: 哈萨克斯坦
🇱🇦,旗: 老挝
🇱🇧,旗: 黎巴嫩
🇱🇨,旗: 圣卢西亚
🇱🇮,旗: 列支敦士登
🇱🇰,旗: 斯里兰卡
🇱🇷,旗: 利比里亚
🇱🇸,旗: 莱索托
🇱🇹,旗: 立陶宛
🇱🇺,旗: 卢森堡
🇱🇻,旗: 拉脱维亚
🇱🇾,旗: 利比亚
🇲🇦,旗: 摩洛哥
🇲🇨,旗: 摩纳哥
🇲🇩,旗: 摩尔多瓦
🇲🇪,旗: 黑山
🇲🇫,旗: 法属圣马丁
🇲🇬,旗: 马达加斯加
🇲🇭,旗: 马绍尔群岛
🇲🇰,旗: 北马其顿
🇲🇱,旗: 马里
🇲🇲,旗: 缅甸
🇲🇳,旗: 蒙古
🇲🇴,旗: 中国澳门特别行政区
🇲🇵,旗: 北马里亚纳群岛
🇲🇶,旗: 马提尼克
🇲🇷,旗: 毛里塔尼亚
🇲🇸,旗: 蒙特塞拉特
🇲🇹,旗: 马耳他
🇲🇺,旗: 毛里求斯
🇲🇻,旗: 马尔代夫
🇲🇼,旗: 马拉维
🇲🇽,旗: 墨西哥
🇲🇾,旗: 马来西亚
🇲🇿,旗: 莫桑比克
🇳🇦,旗: 纳米比亚
🇳🇨,旗: 新喀里多尼亚
🇳🇪,旗: 尼日尔
🇳🇫,旗: 诺福克岛
🇳🇬,旗: 尼日利亚
🇳🇮,旗: 尼加拉瓜
🇳🇱,旗: 荷兰
🇳🇴,旗: 挪威
🇳🇵,旗: 尼泊尔
🇳🇷,旗: 瑙鲁
🇳🇺,旗: 纽埃
🇳🇿,旗: 新西兰
🇴🇲,旗: 阿曼
🇵🇦,旗: 巴拿马
🇵🇪,旗: 秘鲁
🇵🇫,旗: 法属波利尼西亚
🇵🇬,旗: 巴布亚新几内亚
🇵🇭,旗: 菲律宾
🇵🇰,旗: 巴基斯坦
🇵🇱,旗: 波兰
🇵🇲,旗: 圣皮埃尔和密克隆群岛
🇵🇳,旗: 皮特凯恩群岛
🇵🇷,旗: 波多黎各
🇵🇸,旗: 巴勒斯坦领土
🇵🇹,旗: 葡萄牙
🇵🇼,旗: 帕劳
🇵🇾,旗: 巴拉圭
🇶🇦,旗: 卡塔尔
🇷🇪,旗: 留尼汪
🇷🇴,旗: 罗马尼亚
🇷🇸,旗: 塞尔维亚
🇷🇺,旗: 俄罗斯
🇷🇼,旗: 卢旺达
🇸🇦,旗: 沙特阿拉伯
🇸🇧,旗: 所罗门群岛
🇸🇨,旗: 塞舌尔
🇸🇩,旗: 苏丹
🇸🇪,旗: 瑞典
🇸🇬,旗: 新加坡
🇸🇭,旗: 圣赫勒拿
🇸🇮,旗: 斯洛文尼亚
🇸🇯,旗: 斯瓦尔巴和扬马延
🇸🇰,旗: 斯洛伐克
🇸🇱,旗: 塞拉利昂
🇸🇲,旗: 圣马力诺
🇸🇳,旗: 塞内加尔
🇸🇴,旗: 索马里
🇸🇷,旗: 苏里南
🇸🇸,旗: 南苏丹
🇸🇹,旗: 圣多美和普林西比
🇸🇻,旗: 萨尔瓦多
🇸🇽,旗: 荷属圣马丁
🇸🇾,旗: 叙利亚
🇸🇿,旗: 斯威士兰
🇹🇦,旗: 特里斯坦-达库尼亚群岛
🇹🇨,旗: 特克斯和凯科斯群岛
🇹🇩,旗: 乍得
🇹🇫,旗: 法属南部领地
🇹🇬,旗: 多哥
🇹🇭,旗: 泰国
🇹🇯,旗: 塔吉克斯坦
🇹🇰,旗: 托克劳
🇹🇱,旗: 东帝汶
🇹🇲,旗: 土库曼斯坦
🇹🇳,旗: 突尼斯
🇹🇴,旗: 汤加
🇹🇷,旗: 土耳其
🇹🇹,旗: 特立尼达和多巴哥
🇹🇻,旗: 图瓦卢
🇹🇼,旗: 台湾
🇹🇿,旗: 坦桑尼亚
🇺🇦,旗: 乌克兰
🇺🇬,旗: 乌干达
🇺🇲,旗: 美国本土外小岛屿
🇺🇳,旗: 联合国
🇺🇸,旗: 美国
🇺🇾,旗: 乌拉圭
🇺🇿,旗: 乌兹别克斯坦
🇻🇦,旗: 梵蒂冈
🇻🇨,旗: 圣文森特和格林纳丁斯
🇻🇪,旗: 委内瑞拉
🇻🇬,旗: 英属维尔京群岛
🇻🇮,旗: 美属维尔京群岛
🇻🇳,旗: 越南
🇻🇺,旗: 瓦努阿图
🇼🇫,旗: 瓦利斯和富图纳
🇼🇸,旗: 萨摩亚
🇽🇰,旗: 科索沃
🇾🇪,旗: 也门
🇾🇹,旗: 马约特
🇿🇦,旗: 南非
🇿🇲,旗: 赞比亚
🇿🇼,旗: 津巴布韦
🏴󠁧󠁢󠁥󠁮󠁧󠁿,旗: 英格兰
🏴󠁧󠁢󠁳󠁣󠁴󠁿,旗: 苏格兰
🏴󠁧󠁢󠁷󠁬󠁳󠁿,旗: 威尔士
